Marca,Nombre,Descripción,Precio,Código
CHEVROLET,-,GMB,BOMBA AGUA GWIS-46A CHEVROLET D MAX 3.0 4JH1 04 ADEL,55.080
A-CHEV176104 CHEVROLET,CHEVROLET,-,BOMBA AGUA GWIS-46A CHEVROLET D MAX 3.0 4JH1 04 ADEL,55.080
A-CHEV176105 CHEVROLET,CHEVROLET,-,BOMBA AGUA GWIS-46A CHEVROLET D MAX 3.0 4JH1 04 ADEL,55.080
A-CHEV176106 CHEVROLET,CHEVROLET,-,BOMBA AGUA GWIS-46A CHEVROLET D MAX 3.0 4JH1 04 ADEL,55.080
A-CHEV176107 CHEVROLET,ISUZU,-,BOMBA AGUA GWIS-46A CHEVROLET D MAX 3.0 4JH1 04 ADEL,55.080
A-ISUZ176108 ISUZU,ISUZU,-,BOMBA AGUA GWIS-46A CHEVROLET D MAX 3.0 4JH1 04 ADEL,55.080
A-ISUZ176109 ISUZU,ISUZU,-,BOMBA AGUA GWIS-46A CHEVROLET D MAX 3.0 4JH1 04 ADEL,55.080
A-ISUZ176110 ISUZU,ISUZU,-,BOMBA AGUA GWIS-46A CHEVROLET D MAX 3.0 4JH1 04 ADEL,55.080
A-ISUZ176111 ISUZU,OPEL,-,BOMBA AGUA GWG-11A DAEWOO ESPERO 2.0 CHEVROLET MONZA 1.8-2.0 82-95 POLEA 21 DTES RDOS. OEM 90273924,21.488
A-OPEL177759 OPEL,CHEVROLET,-,BOMBA DE AGUA CHEVROLET ORLANDO 2.0D 12-,167.674
A-CHEV177778 CHEVROLET,CHEVROLET,-,BOMBA DE AGUA CHEVROLET ORLANDO 2.0D 12-,167.674
A-CHEV177779 CHEVROLET,DAEWOO,-,BOMBA AGUA GWO-10A CHEVROLET ASTRA KADET DAEWOO ESPERO 2.0,23.120
A-DAEW177871 DAEWOO,DAEWOO,-,BOMBA AGUA GWO-10A CHEVROLET ASTRA KADET DAEWOO ESPERO 2.0,23.120
A-DAEW177872 DAEWOO,CHEVROLET,-,BOMBA AGUA GWO-10A CHEVROLET ASTRA KADET DAEWOO ESPERO 2.0,23.120
A-CHEV177873 CHEVROLET,OPEL,-,BOMBA AGUA GWO-10A CHEVROLET ASTRA KADET DAEWOO ESPERO 2.0,23.120
A-OPEL177874 OPEL,CHEVROLET,-,BOMBA AGUA GWO-10A CHEVROLET ASTRA KADET DAEWOO ESPERO 2.0,23.120
A-CHEV177875 CHEVROLET,CHEVROLET,-,BOMBA AGUA GWO-10A CHEVROLET ASTRA KADET DAEWOO ESPERO 2.0,23.120
A-CHEV177876 CHEVROLET,CHEVROLET,-,BOMBA AGUA GWO-10A CHEVROLET ASTRA KADET DAEWOO ESPERO 2.0,23.120
A-CHEV177877 CHEVROLET,CHEVROLET,-,BOMBA AGUA GWO-10A CHEVROLET ASTRA KADET DAEWOO ESPERO 2.0,23.120
A-CHEV177878 CHEVROLET,CHEVROLET,-,BOMBA AGUA GWO-10A CHEVROLET ASTRA KADET DAEWOO ESPERO 2.0,23.120
