Código,Nombre,Descripción,Años,Marca,Origen,Precio Oferta,Precio Original,Descuento
9960321,FAROL TRASERO DERECHO MITSUBISHI L200 DAKAR,DERECHO LED,2019 - 2022,TYC,TAIWAN,$106.950,$142.600,-25%
9960321,FAROL TRASERO DERECHO MITSUBISHI L200 DAKAR,DERECHO LED,2019 - 2022,TYC,TAIWAN,$106.950,$142.600,-25%
9956186,FAROL TRASERO DERECHO MITSUBISHI L200 DAKAR,DERECHO TIPO LED,2019 - 2022,FABRICAS CHINAS,CHINA,$78.675,$104.900,-25%
9956185,FAROL TRASERO IZQUIERDO MITSUBISHI L200 DAKAR,IZQUIERDO TIPO LED,2019 - 2022,FABRICAS CHINAS,CHINA,$78.675,$104.900,-25%
9956489,FAROL TRASERO IZQUIERDO MITSUBISHI L200 DAKAR,IZQUIERDO LED,2019 - 2022,DEPO,TAIWAN,$102.487,$136.650,-25%
9960322,FAROL TRASERO IZQUIERDO MITSUBISHI L200 DAKAR,IZQUIERDO LED,2019 - 2022,TYC,TAIWAN,$106.950,$142.600,-25%
9960322,FAROL TRASERO IZQUIERDO MITSUBISHI L200 DAKAR,IZQUIERDO LED,2019 - 2022,TYC,TAIWAN,$106.950,$142.600,-25%
9960321,FAROL TRASERO DERECHO MITSUBISHI L200 KATANA,DERECHO LED,2019 - 2022,TYC,TAIWAN,$106.950,$142.600,-25%
9960321,FAROL TRASERO DERECHO MITSUBISHI L200 KATANA,DERECHO LED,2019 - 2022,TYC,TAIWAN,$106.950,$142.600,-25%
9956186,FAROL TRASERO DERECHO MITSUBISHI L200 KATANA,DERECHO TIPO LED,2019 - 2022,FABRICAS CHINAS,CHINA,$78.675,$104.900,-25%
9956185,FAROL TRASERO IZQUIERDO MITSUBISHI L200 KATANA,IZQUIERDO TIPO LED,2019 - 2022,FABRICAS CHINAS,CHINA,$78.675,$104.900,-25%
9956489,FAROL TRASERO IZQUIERDO MITSUBISHI L200 KATANA,IZQUIERDO LED,2019 - 2022,DEPO,TAIWAN,$102.487,$136.650,-25%
9960322,FAROL TRASERO IZQUIERDO MITSUBISHI L200 KATANA,IZQUIERDO LED,2019 - 2022,TYC,TAIWAN,$106.950,$142.600,-25%
9960322,FAROL TRASERO IZQUIERDO MITSUBISHI L200 KATANA,IZQUIERDO LED,2019 - 2022,TYC,TAIWAN,$106.950,$142.600,-25%
9960321,FAROL TRASERO DERECHO MITSUBISHI L200 KATANA,DERECHO LED,2019 - 2022,TYC,TAIWAN,$106.950,$142.600,-25%
9960321,FAROL TRASERO DERECHO MITSUBISHI L200 KATANA,DERECHO LED,2019 - 2022,TYC,TAIWAN,$106.950,$142.600,-25%
9956186,FAROL TRASERO DERECHO MITSUBISHI L200 KATANA,DERECHO TIPO LED,2019 - 2022,FABRICAS CHINAS,CHINA,$78.675,$104.900,-25%
9956185,FAROL TRASERO IZQUIERDO MITSUBISHI L200 KATANA,IZQUIERDO TIPO LED,2019 - 2022,FABRICAS CHINAS,CHINA,$78.675,$104.900,-25%
9956489,FAROL TRASERO IZQUIERDO MITSUBISHI L200 KATANA,IZQUIERDO LED,2019 - 2022,DEPO,TAIWAN,$102.487,$136.650,-25%
9960322,FAROL TRASERO IZQUIERDO MITSUBISHI L200 KATANA,IZQUIERDO LED,2019 - 2022,TYC,TAIWAN,$106.950,$142.600,-25%
9960322,FAROL TRASERO IZQUIERDO MITSUBISHI L200 KATANA,IZQUIERDO LED,2019 - 2022,TYC,TAIWAN,$106.950,$142.600,-25%
9960321,FAROL TRASERO DERECHO MITSUBISHI L200 WORK,DERECHO LED,2019 - 2022,TYC,TAIWAN,$106.950,$142.600,-25%
9960321,FAROL TRASERO DERECHO MITSUBISHI L200 WORK,DERECHO LED,2019 - 2022,TYC,TAIWAN,$106.950,$142.600,-25%
9956186,FAROL TRASERO DERECHO MITSUBISHI L200 WORK,DERECHO TIPO LED,2019 - 2022,FABRICAS CHINAS,CHINA,$78.675,$104.900,-25%
9956185,FAROL TRASERO IZQUIERDO MITSUBISHI L200 WORK,IZQUIERDO TIPO LED,2019 - 2022,FABRICAS CHINAS,CHINA,$78.675,$104.900,-25%
9956489,FAROL TRASERO IZQUIERDO MITSUBISHI L200 WORK,IZQUIERDO LED,2019 - 2022,DEPO,TAIWAN,$102.487,$136.650,-25%
9960322,FAROL TRASERO IZQUIERDO MITSUBISHI L200 WORK,IZQUIERDO LED,2019 - 2022,TYC,TAIWAN,$106.950,$142.600,-25%
9960322,FAROL TRASERO IZQUIERDO MITSUBISHI L200 WORK,IZQUIERDO LED,2019 - 2022,TYC,TAIWAN,$106.950,$142.600,-25%
9951294,AMPOLLETA LED H11 PARA AUTO 12V 30W NEBLINERO MITSUBISHI L200 DAKAR,H11 12 VOLTS 30 WATTS 6000K JUEGO LED 2 UNIDADES,2019 - 2022,FABRICAS CHINAS,CHINA,$8.287,$11.050,-25%
9951289,AMPOLLETA LED H4 PARA AUTO 12V 30W FOCO MAYOR ALTA Y BAJA MITSUBISHI L200 DAKAR,H4 12 VOLTS 30 WATTS 6000K P43T JUEGO LED 2 UNIDADES 3800 LUMENES KIT,2019 - 2022,FABRICAS CHINAS,CHINA,(5.0),IVA Incl.,IVA Incl.
9951289,AMPOLLETA LED H4 PARA AUTO 12V 30W FOCO MAYOR ALTA Y BAJA MITSUBISHI L200 DAKAR,H4 12 VOLTS 30 WATTS 6000K P43T JUEGO LED 2 UNIDADES 3800 LUMENES KIT,1999 - 2006,FABRICAS CHINAS,CHINA,(5.0),IVA Incl.,IVA Incl.
9951289,AMPOLLETA LED H4 PARA AUTO 12V 30W FOCO MAYOR ALTA Y BAJA MITSUBISHI L200 DAKAR,H4 12 VOLTS 30 WATTS 6000K P43T JUEGO LED 2 UNIDADES 3800 LUMENES KIT,2007 - 2013,FABRICAS CHINAS,CHINA,(5.0),IVA Incl.,IVA Incl.
9951294,AMPOLLETA LED H11 PARA AUTO 12V 30W NEBLINERO MITSUBISHI L200 DAKAR,H11 12 VOLTS 30 WATTS 6000K JUEGO LED 2 UNIDADES,2013 - 2016,FABRICAS CHINAS,CHINA,$8.287,$11.050,-25%
9951289,AMPOLLETA LED H4 PARA AUTO 12V 30W FOCO MAYOR ALTA Y BAJA MITSUBISHI L200 DAKAR,H4 12 VOLTS 30 WATTS 6000K P43T JUEGO LED 2 UNIDADES 3800 LUMENES KIT,2013 - 2016,FABRICAS CHINAS,CHINA,(5.0),IVA Incl.,IVA Incl.
9951289,AMPOLLETA LED H4 PARA AUTO 12V 30W FOCO MAYOR ALTA Y BAJA MITSUBISHI L200 DAKAR,H4 12 VOLTS 30 WATTS 6000K P43T JUEGO LED 2 UNIDADES 3800 LUMENES KIT,2007 - 2013,FABRICAS CHINAS,CHINA,(5.0),IVA Incl.,IVA Incl.
9951294,AMPOLLETA LED H11 PARA AUTO 12V 30W NEBLINERO MITSUBISHI L200 DAKAR,H11 12 VOLTS 30 WATTS 6000K JUEGO LED 2 UNIDADES,2013 - 2016,FABRICAS CHINAS,CHINA,$8.287,$11.050,-25%
9951289,AMPOLLETA LED H4 PARA AUTO 12V 30W FOCO MAYOR ALTA Y BAJA MITSUBISHI L200 DAKAR,H4 12 VOLTS 30 WATTS 6000K P43T JUEGO LED 2 UNIDADES 3800 LUMENES KIT,2013 - 2016,FABRICAS CHINAS,CHINA,(5.0),IVA Incl.,IVA Incl.
9951294,AMPOLLETA LED H11 PARA AUTO 12V 30W NEBLINERO MITSUBISHI L200 KATANA,H11 12 VOLTS 30 WATTS 6000K JUEGO LED 2 UNIDADES,2019 - 2022,FABRICAS CHINAS,CHINA,$8.287,$11.050,-25%
9951289,AMPOLLETA LED H4 PARA AUTO 12V 30W FOCO MAYOR ALTA Y BAJA MITSUBISHI L200 KATANA,H4 12 VOLTS 30 WATTS 6000K P43T JUEGO LED 2 UNIDADES 3800 LUMENES KIT,2019 - 2022,FABRICAS CHINAS,CHINA,(5.0),IVA Incl.,IVA Incl.
9951289,AMPOLLETA LED H4 PARA AUTO 12V 30W FOCO MAYOR ALTA Y BAJA MITSUBISHI L200 KATANA,H4 12 VOLTS 30 WATTS 6000K P43T JUEGO LED 2 UNIDADES 3800 LUMENES KIT,2016 - 2018,FABRICAS CHINAS,CHINA,(5.0),IVA Incl.,IVA Incl.
9951294,AMPOLLETA LED H11 PARA AUTO 12V 30W NEBLINERO MITSUBISHI L200 KATANA,H11 12 VOLTS 30 WATTS 6000K JUEGO LED 2 UNIDADES,2019 - 2022,FABRICAS CHINAS,CHINA,$8.287,$11.050,-25%
9951289,AMPOLLETA LED H4 PARA AUTO 12V 30W FOCO MAYOR ALTA Y BAJA MITSUBISHI L200 KATANA,H4 12 VOLTS 30 WATTS 6000K P43T JUEGO LED 2 UNIDADES 3800 LUMENES KIT,2019 - 2022,FABRICAS CHINAS,CHINA,(5.0),IVA Incl.,IVA Incl.
9951289,AMPOLLETA LED H4 PARA AUTO 12V 30W FOCO MAYOR ALTA Y BAJA MITSUBISHI L200 KATANA,H4 12 VOLTS 30 WATTS 6000K P43T JUEGO LED 2 UNIDADES 3800 LUMENES KIT,2016 - 2018,FABRICAS CHINAS,CHINA,(5.0),IVA Incl.,IVA Incl.
9951289,AMPOLLETA LED H4 PARA AUTO 12V 30W FOCO MAYOR ALTA Y BAJA MITSUBISHI L200 KATANA,H4 12 VOLTS 30 WATTS 6000K P43T JUEGO LED 2 UNIDADES 3800 LUMENES KIT,1999 - 2006,FABRICAS CHINAS,CHINA,(5.0),IVA Incl.,IVA Incl.
9951289,AMPOLLETA LED H4 PARA AUTO 12V 30W FOCO MAYOR ALTA Y BAJA MITSUBISHI L200 KATANA,H4 12 VOLTS 30 WATTS 6000K P43T JUEGO LED 2 UNIDADES 3800 LUMENES KIT,1999 - 2006,FABRICAS CHINAS,CHINA,(5.0),IVA Incl.,IVA Incl.
9951289,AMPOLLETA LED H4 PARA AUTO 12V 30W FOCO MAYOR ALTA Y BAJA MITSUBISHI L200 KATANA,H4 12 VOLTS 30 WATTS 6000K P43T JUEGO LED 2 UNIDADES 3800 LUMENES KIT,2007 - 2013,FABRICAS CHINAS,CHINA,(5.0),IVA Incl.,IVA Incl.
9951294,AMPOLLETA LED H11 PARA AUTO 12V 30W NEBLINERO MITSUBISHI L200 KATANA,H11 12 VOLTS 30 WATTS 6000K JUEGO LED 2 UNIDADES,2013 - 2016,FABRICAS CHINAS,CHINA,$8.287,$11.050,-25%
9951289,AMPOLLETA LED H4 PARA AUTO 12V 30W FOCO MAYOR ALTA Y BAJA MITSUBISHI L200 KATANA,H4 12 VOLTS 30 WATTS 6000K P43T JUEGO LED 2 UNIDADES 3800 LUMENES KIT,2013 - 2016,FABRICAS CHINAS,CHINA,(5.0),IVA Incl.,IVA Incl.
9951289,AMPOLLETA LED H4 PARA AUTO 12V 30W FOCO MAYOR ALTA Y BAJA MITSUBISHI L200 KATANA,H4 12 VOLTS 30 WATTS 6000K P43T JUEGO LED 2 UNIDADES 3800 LUMENES KIT,2008 - 2011,FABRICAS CHINAS,CHINA,(5.0),IVA Incl.,IVA Incl.
9951294,AMPOLLETA LED H11 PARA AUTO 12V 30W NEBLINERO MITSUBISHI L200 WORK,H11 12 VOLTS 30 WATTS 6000K JUEGO LED 2 UNIDADES,2019 - 2022,FABRICAS CHINAS,CHINA,$8.287,$11.050,-25%
9951289,AMPOLLETA LED H4 PARA AUTO 12V 30W FOCO MAYOR ALTA Y BAJA MITSUBISHI L200 WORK,H4 12 VOLTS 30 WATTS 6000K P43T JUEGO LED 2 UNIDADES 3800 LUMENES KIT,2019 - 2022,FABRICAS CHINAS,CHINA,(5.0),IVA Incl.,IVA Incl.
9951289,AMPOLLETA LED H4 PARA AUTO 12V 30W FOCO MAYOR ALTA Y BAJA MITSUBISHI L200 WORK,H4 12 VOLTS 30 WATTS 6000K P43T JUEGO LED 2 UNIDADES 3800 LUMENES KIT,2016 - 2018,FABRICAS CHINAS,CHINA,(5.0),IVA Incl.,IVA Incl.
9951289,AMPOLLETA LED H4 PARA AUTO 12V 30W FOCO MAYOR ALTA Y BAJA MITSUBISHI L200 WORK,H4 12 VOLTS 30 WATTS 6000K P43T JUEGO LED 2 UNIDADES 3800 LUMENES KIT,2003 - 2006,FABRICAS CHINAS,CHINA,(5.0),IVA Incl.,IVA Incl.
9951289,AMPOLLETA LED H4 PARA AUTO 12V 30W FOCO MAYOR ALTA Y BAJA MITSUBISHI L200 WORK,H4 12 VOLTS 30 WATTS 6000K P43T JUEGO LED 2 UNIDADES 3800 LUMENES KIT,2007 - 2013,FABRICAS CHINAS,CHINA,(5.0),IVA Incl.,IVA Incl.
0029614,AMPOLLETA HALÓGENA H11 PARA AUTO 12V 55W NEBLINERO MITSUBISHI L200 DAKAR,H11 12 VOLTS 55 WATTS BASE PGJ19-2,2019 - 2022,HELLA,ESTADOS UNIDOS,$7.012,$9.350,-25%
9951795,AMPOLLETA HALÓGENA H11 PARA AUTO 12V 55W NEBLINERO MITSUBISHI L200 DAKAR,H11 12 VOLTS 55 WATTS BASE PGJ19-2,2019 - 2022,STP,CHINA,$1.387,$1.850,-25%
9963364,AMPOLLETA HALÓGENA H11 PARA AUTO 12V 55W NEBLINERO MITSUBISHI L200 DAKAR,H11 12 VOLTS 55 WATTS BASE PGJ19-2,2019 - 2022,BOSCH,CHINA,$4.462,$5.950,-25%
9963361,AMPOLLETA HALÓGENA H8 PARA AUTO 12V 35W NEBLINERO MITSUBISHI L200 DAKAR,H8 12 VOLTS 35 WATTS BASE PGJ19-1,2019 - 2022,BOSCH,CHINA,$6.375,$8.500,-25%
9951294,AMPOLLETA LED H11 PARA AUTO 12V 30W NEBLINERO MITSUBISHI L200 DAKAR,H11 12 VOLTS 30 WATTS 6000K JUEGO LED 2 UNIDADES,2019 - 2022,FABRICAS CHINAS,CHINA,$8.287,$11.050,-25%
0022049,KIT NEBLINEROS MITSUBISHI L200 DAKAR,DERECHO IZQUIERDO USA AMPOLLETA H11 CON AMPOLLETA VIDRIO KIT,2016 - 2018,HID AUTOLIGHT,CHINA,$34.050,$45.400,-25%
0016705,NEBLINERO DERECHO IZQUIERDO MITSUBISHI L200 DAKAR,DERECHO IZQUIERDO USA AMPOLLETA H11 CON AMPOLLETA VIDRIO,2007 - 2013,FABRICAS CHINAS,CHINA,$10.987,$14.650,-25%
0029614,AMPOLLETA HALÓGENA H11 PARA AUTO 12V 55W NEBLINERO MITSUBISHI L200 DAKAR,H11 12 VOLTS 55 WATTS BASE PGJ19-2,2013 - 2016,HELLA,ESTADOS UNIDOS,$7.012,$9.350,-25%
9951795,AMPOLLETA HALÓGENA H11 PARA AUTO 12V 55W NEBLINERO MITSUBISHI L200 DAKAR,H11 12 VOLTS 55 WATTS BASE PGJ19-2,2013 - 2016,STP,CHINA,$1.387,$1.850,-25%
9963364,AMPOLLETA HALÓGENA H11 PARA AUTO 12V 55W NEBLINERO MITSUBISHI L200 DAKAR,H11 12 VOLTS 55 WATTS BASE PGJ19-2,2013 - 2016,BOSCH,CHINA,$4.462,$5.950,-25%
9951294,AMPOLLETA LED H11 PARA AUTO 12V 30W NEBLINERO MITSUBISHI L200 DAKAR,H11 12 VOLTS 30 WATTS 6000K JUEGO LED 2 UNIDADES,2013 - 2016,FABRICAS CHINAS,CHINA,$8.287,$11.050,-25%
0022047,KIT NEBLINEROS MITSUBISHI L200 DAKAR,DERECHO IZQUIERDO USA AMPOLLETA H11 CON AMPOLLETA CON CABLE VIDRIO KIT,2013 - 2016,FABRICAS CHINAS,CHINA,$37.050,$49.400,-25%
0016705,NEBLINERO DERECHO IZQUIERDO MITSUBISHI L200 DAKAR,DERECHO IZQUIERDO USA AMPOLLETA H11 CON AMPOLLETA VIDRIO,2013 - 2016,FABRICAS CHINAS,CHINA,$10.987,$14.650,-25%
0016705,NEBLINERO DERECHO IZQUIERDO MITSUBISHI L200 DAKAR,DERECHO IZQUIERDO USA AMPOLLETA H11 CON AMPOLLETA VIDRIO,2007 - 2013,FABRICAS CHINAS,CHINA,$10.987,$14.650,-25%
0029614,AMPOLLETA HALÓGENA H11 PARA AUTO 12V 55W NEBLINERO MITSUBISHI L200 DAKAR,H11 12 VOLTS 55 WATTS BASE PGJ19-2,2013 - 2016,HELLA,ESTADOS UNIDOS,$7.012,$9.350,-25%
9951795,AMPOLLETA HALÓGENA H11 PARA AUTO 12V 55W NEBLINERO MITSUBISHI L200 DAKAR,H11 12 VOLTS 55 WATTS BASE PGJ19-2,2013 - 2016,STP,CHINA,$1.387,$1.850,-25%
9963364,AMPOLLETA HALÓGENA H11 PARA AUTO 12V 55W NEBLINERO MITSUBISHI L200 DAKAR,H11 12 VOLTS 55 WATTS BASE PGJ19-2,2013 - 2016,BOSCH,CHINA,$4.462,$5.950,-25%
9951294,AMPOLLETA LED H11 PARA AUTO 12V 30W NEBLINERO MITSUBISHI L200 DAKAR,H11 12 VOLTS 30 WATTS 6000K JUEGO LED 2 UNIDADES,2013 - 2016,FABRICAS CHINAS,CHINA,$8.287,$11.050,-25%
0022047,KIT NEBLINEROS MITSUBISHI L200 DAKAR,DERECHO IZQUIERDO USA AMPOLLETA H11 CON AMPOLLETA CON CABLE VIDRIO KIT,2013 - 2016,FABRICAS CHINAS,CHINA,$37.050,$49.400,-25%
0016705,NEBLINERO DERECHO IZQUIERDO MITSUBISHI L200 DAKAR,DERECHO IZQUIERDO USA AMPOLLETA H11 CON AMPOLLETA VIDRIO,2013 - 2016,FABRICAS CHINAS,CHINA,$10.987,$14.650,-25%
0029614,AMPOLLETA HALÓGENA H11 PARA AUTO 12V 55W NEBLINERO MITSUBISHI L200 KATANA,H11 12 VOLTS 55 WATTS BASE PGJ19-2,2019 - 2022,HELLA,ESTADOS UNIDOS,$7.012,$9.350,-25%
9951795,AMPOLLETA HALÓGENA H11 PARA AUTO 12V 55W NEBLINERO MITSUBISHI L200 KATANA,H11 12 VOLTS 55 WATTS BASE PGJ19-2,2019 - 2022,STP,CHINA,$1.387,$1.850,-25%
9963364,AMPOLLETA HALÓGENA H11 PARA AUTO 12V 55W NEBLINERO MITSUBISHI L200 KATANA,H11 12 VOLTS 55 WATTS BASE PGJ19-2,2019 - 2022,BOSCH,CHINA,$4.462,$5.950,-25%
9951294,AMPOLLETA LED H11 PARA AUTO 12V 30W NEBLINERO MITSUBISHI L200 KATANA,H11 12 VOLTS 30 WATTS 6000K JUEGO LED 2 UNIDADES,2019 - 2022,FABRICAS CHINAS,CHINA,$8.287,$11.050,-25%
0022049,KIT NEBLINEROS MITSUBISHI L200 KATANA,DERECHO IZQUIERDO USA AMPOLLETA H11 CON AMPOLLETA VIDRIO KIT,2015 - 2018,HID AUTOLIGHT,CHINA,$34.050,$45.400,-25%
0022049,KIT NEBLINEROS MITSUBISHI L200 KATANA,DERECHO IZQUIERDO USA AMPOLLETA H11 CON AMPOLLETA VIDRIO KIT,2016 - 2018,HID AUTOLIGHT,CHINA,$34.050,$45.400,-25%
0029614,AMPOLLETA HALÓGENA H11 PARA AUTO 12V 55W NEBLINERO MITSUBISHI L200 KATANA,H11 12 VOLTS 55 WATTS BASE PGJ19-2,2019 - 2022,HELLA,ESTADOS UNIDOS,$7.012,$9.350,-25%
9951795,AMPOLLETA HALÓGENA H11 PARA AUTO 12V 55W NEBLINERO MITSUBISHI L200 KATANA,H11 12 VOLTS 55 WATTS BASE PGJ19-2,2019 - 2022,STP,CHINA,$1.387,$1.850,-25%
9963364,AMPOLLETA HALÓGENA H11 PARA AUTO 12V 55W NEBLINERO MITSUBISHI L200 KATANA,H11 12 VOLTS 55 WATTS BASE PGJ19-2,2019 - 2022,BOSCH,CHINA,$4.462,$5.950,-25%
9963361,AMPOLLETA HALÓGENA H8 PARA AUTO 12V 35W NEBLINERO MITSUBISHI L200 KATANA,H8 12 VOLTS 35 WATTS BASE PGJ19-1,2019 - 2022,BOSCH,CHINA,$6.375,$8.500,-25%
9951294,AMPOLLETA LED H11 PARA AUTO 12V 30W NEBLINERO MITSUBISHI L200 KATANA,H11 12 VOLTS 30 WATTS 6000K JUEGO LED 2 UNIDADES,2019 - 2022,FABRICAS CHINAS,CHINA,$8.287,$11.050,-25%
0022049,KIT NEBLINEROS MITSUBISHI L200 KATANA,DERECHO IZQUIERDO USA AMPOLLETA H11 CON AMPOLLETA VIDRIO KIT,2015 - 2018,HID AUTOLIGHT,CHINA,$34.050,$45.400,-25%
0022049,KIT NEBLINEROS MITSUBISHI L200 KATANA,DERECHO IZQUIERDO USA AMPOLLETA H11 CON AMPOLLETA VIDRIO KIT,2016 - 2018,HID AUTOLIGHT,CHINA,$34.050,$45.400,-25%
9951792,AMPOLLETA HALÓGENA 9006 PARA AUTO 12V 55W NEBLINERO MITSUBISHI L200 KATANA,9006 12 VOLTS 55 WATTS BASE P22D HB4,2007 - 2016,STP,CHINA,$1.537,$2.050,-25%
0022048,KIT NEBLINEROS MITSUBISHI L200 KATANA,DERECHO IZQUIERDO USA AMPOLLETA H11 CON AMPOLLETA CON CABLE VIDRIO KIT,2007 - 2010,HID AUTOLIGHT,CHINA,$31.762,$42.350,-25%
0016705,NEBLINERO DERECHO IZQUIERDO MITSUBISHI L200 KATANA,DERECHO IZQUIERDO USA AMPOLLETA H11 CON AMPOLLETA VIDRIO,2007 - 2013,FABRICAS CHINAS,CHINA,$10.987,$14.650,-25%
9951792,AMPOLLETA HALÓGENA 9006 PARA AUTO 12V 55W NEBLINERO MITSUBISHI L200 KATANA,9006 12 VOLTS 55 WATTS BASE P22D HB4,2007 - 2016,STP,CHINA,$1.537,$2.050,-25%
0029614,AMPOLLETA HALÓGENA H11 PARA AUTO 12V 55W NEBLINERO MITSUBISHI L200 KATANA,H11 12 VOLTS 55 WATTS BASE PGJ19-2,2013 - 2016,HELLA,ESTADOS UNIDOS,$7.012,$9.350,-25%
9951795,AMPOLLETA HALÓGENA H11 PARA AUTO 12V 55W NEBLINERO MITSUBISHI L200 KATANA,H11 12 VOLTS 55 WATTS BASE PGJ19-2,2013 - 2016,STP,CHINA,$1.387,$1.850,-25%
9963364,AMPOLLETA HALÓGENA H11 PARA AUTO 12V 55W NEBLINERO MITSUBISHI L200 KATANA,H11 12 VOLTS 55 WATTS BASE PGJ19-2,2013 - 2016,BOSCH,CHINA,$4.462,$5.950,-25%
9951294,AMPOLLETA LED H11 PARA AUTO 12V 30W NEBLINERO MITSUBISHI L200 KATANA,H11 12 VOLTS 30 WATTS 6000K JUEGO LED 2 UNIDADES,2013 - 2016,FABRICAS CHINAS,CHINA,$8.287,$11.050,-25%
0022047,KIT NEBLINEROS MITSUBISHI L200 KATANA,DERECHO IZQUIERDO USA AMPOLLETA H11 CON AMPOLLETA CON CABLE VIDRIO KIT,2013 - 2016,FABRICAS CHINAS,CHINA,$37.050,$49.400,-25%
0016705,NEBLINERO DERECHO IZQUIERDO MITSUBISHI L200 KATANA,DERECHO IZQUIERDO USA AMPOLLETA H11 CON AMPOLLETA VIDRIO,2013 - 2016,FABRICAS CHINAS,CHINA,$10.987,$14.650,-25%
MT20223,BOMBA DE AGUA MITSUBISHI L200,CON EMPAQUETADURA ORING PERNOS,1998 - 2008,NPW,JAPON,$42.562,$56.750,-25%
MT20223,BOMBA DE AGUA MITSUBISHI L200,CON EMPAQUETADURA ORING PERNOS,1998 - 2007,NPW,JAPON,$42.562,$56.750,-25%
0013573,BOMBA DE AGUA CON EMPAQUETADURA MITSUBISHI L200,CON EMPAQUETADURA,1987 - 1998,WURTEX,CHINA,$19.912,$26.550,-25%
9954578,BOMBA DE AGUA CON EMPAQUETADURA MITSUBISHI L200,CON EMPAQUETADURA,1987 - 1998,TOTO,TAIWAN,$37.012,$49.350,-25%
H112014,BOMBA DE AGUA CON EMPAQUETADURA MITSUBISHI L200,CON EMPAQUETADURA,1987 - 1998,MANDO,KOREA,$33.300,$44.400,-25%
9941631,BOMBA DE AGUA CON EMPAQUETADURA Y ORING MITSUBISHI L200,CON EMPAQUETADURA Y ORING,1987 - 1998,STP,KOREA,$33.450,$44.600,-25%
0013573,BOMBA DE AGUA CON EMPAQUETADURA MITSUBISHI L200,CON EMPAQUETADURA,1987 - 1998,WURTEX,CHINA,$19.912,$26.550,-25%
9954578,BOMBA DE AGUA CON EMPAQUETADURA MITSUBISHI L200,CON EMPAQUETADURA,1987 - 1998,TOTO,TAIWAN,$37.012,$49.350,-25%
H112014,BOMBA DE AGUA CON EMPAQUETADURA MITSUBISHI L200,CON EMPAQUETADURA,1987 - 1998,MANDO,KOREA,$33.300,$44.400,-25%
9941631,BOMBA DE AGUA CON EMPAQUETADURA Y ORING MITSUBISHI L200,CON EMPAQUETADURA Y ORING,1987 - 1998,STP,KOREA,$33.450,$44.600,-25%
9951289,AMPOLLETA LED H4 PARA AUTO 12V 30W FOCO MAYOR ALTA Y BAJA CHEVROLET AVEO,H4 12 VOLTS 30 WATTS 6000K P43T JUEGO LED 2 UNIDADES 3800 LUMENES KIT,2004 - 2011,FABRICAS CHINAS,CHINA,(5.0),IVA Incl.,IVA Incl.
9951289,AMPOLLETA LED H4 PARA AUTO 12V 30W FOCO MAYOR ALTA Y BAJA CHEVROLET AVEO,H4 12 VOLTS 30 WATTS 6000K P43T JUEGO LED 2 UNIDADES 3800 LUMENES KIT,2006 - 2016,FABRICAS CHINAS,CHINA,(5.0),IVA Incl.,IVA Incl.
9951289,AMPOLLETA LED H4 PARA AUTO 12V 30W FOCO MAYOR ALTA Y BAJA CHEVROLET AVEO,H4 12 VOLTS 30 WATTS 6000K P43T JUEGO LED 2 UNIDADES 3800 LUMENES KIT,2008 - 2016,FABRICAS CHINAS,CHINA,(5.0),IVA Incl.,IVA Incl.
0012459,AMPOLLETA HALÓGENA H27 PARA AUTO 12V 27W NEBLINERO CHEVROLET AVEO,H27 12 VOLTS 27 WATTS BASE PGJ13 CURVA,2002 - 2011,HELLA,CHINA,$4.462,$5.950,-25%
0012466,AMPOLLETA HALÓGENA H3 PARA AUTO 12V 55W NEBLINERO CHEVROLET AVEO,H3 12 VOLTS 55 WATTS BASE PK22S CON CHICOTE,2004 - 2011,HELLA,CHINA,$1.425,$1.900,-25%
9951790,AMPOLLETA HALÓGENA H3 PARA AUTO 12V 55W NEBLINERO CHEVROLET AVEO,H3 12 VOLTS 55 WATTS BASE PK22S CON CHICOTE,2004 - 2011,STP,CHINA,$750,$1.000,-25%
9963351,AMPOLLETA HALÓGENA H3 PARA AUTO 12V 55W NEBLINERO CHEVROLET AVEO,H3 12 VOLTS 55 WATTS BASE PK22S CON CHICOTE,2004 - 2011,BOSCH,CHINA,$1.350,$1.800,-25%
1900060,NEBLINERO DERECHO CHEVROLET AVEO,DERECHO USA AMPOLLETA H27W/2 SIN AMPOLLETA PLASTICO,2004 - 2005,FABRICAS CHINAS,CHINA,$11.137,$14.850,-25%
1001010,NEBLINERO DERECHO CHEVROLET AVEO,DERECHO USA AMPOLLETA H3 CON AMPOLLETA PLASTICO,2006 - 2008,FABRICAS CHINAS,CHINA,$8.737,$11.650,-25%
1900070,NEBLINERO IZQUIERDO CHEVROLET AVEO,IZQUIERDO USA AMPOLLETA H27W/2 CON AMPOLLETA PLASTICO,2004 - 2005,FABRICAS CHINAS,CHINA,$11.137,$14.850,-25%
1001000,NEBLINERO IZQUIERDO CHEVROLET AVEO,IZQUIERDO USA AMPOLLETA H3 CON AMPOLLETA PLASTICO,2006 - 2008,FABRICAS CHINAS,CHINA,$8.737,$11.650,-25%
8701590,RELAY BOMBA DE BENCINA /LUCES NEBLINERO CHEVROLET AVEO,LUCES BOCINA NEBLINERO BOMBA BENCINA,2004 - 2011,KOREA,KOREA,$6.675,$8.900,-25%
9946020,TELECOMANDO COMPLETO LUCES SIN NEBLINERO CHEVROLET AVEO,LUCES SIN NEBLINERO,2004 - 2011,WURTEX,CHINA,$10.800,$14.400,-25%
0012466,AMPOLLETA HALÓGENA H3 PARA AUTO 12V 55W NEBLINERO CHEVROLET AVEO,H3 12 VOLTS 55 WATTS BASE PK22S CON CHICOTE,2006 - 2016,HELLA,CHINA,$1.425,$1.900,-25%
9951790,AMPOLLETA HALÓGENA H3 PARA AUTO 12V 55W NEBLINERO CHEVROLET AVEO,H3 12 VOLTS 55 WATTS BASE PK22S CON CHICOTE,2006 - 2016,STP,CHINA,$750,$1.000,-25%
9963351,AMPOLLETA HALÓGENA H3 PARA AUTO 12V 55W NEBLINERO CHEVROLET AVEO,H3 12 VOLTS 55 WATTS BASE PK22S CON CHICOTE,2006 - 2016,BOSCH,CHINA,$1.350,$1.800,-25%
1001060,NEBLINERO DERECHO CHEVROLET AVEO,DERECHO USA AMPOLLETA H3 CON AMPOLLETA PLASTICO,2006 - 2016,FABRICAS CHINAS,CHINA,$7.350,$9.800,-25%
1001070,NEBLINERO IZQUIERDO CHEVROLET AVEO,IZQUIERDO USA AMPOLLETA H3 CON AMPOLLETA PLASTICO,2006 - 2016,FABRICAS CHINAS,CHINA,$7.350,$9.800,-25%
8701590,RELAY BOMBA DE BENCINA /LUCES NEBLINERO CHEVROLET AVEO,LUCES BOCINA NEBLINERO BOMBA BENCINA,2006 - 2016,KOREA,KOREA,$6.675,$8.900,-25%
9946020,TELECOMANDO COMPLETO LUCES SIN NEBLINERO CHEVROLET AVEO,LUCES SIN NEBLINERO,2006 - 2016,WURTEX,CHINA,$10.800,$14.400,-25%
0012466,AMPOLLETA HALÓGENA H3 PARA AUTO 12V 55W NEBLINERO CHEVROLET AVEO,H3 12 VOLTS 55 WATTS BASE PK22S CON CHICOTE,2008 - 2016,HELLA,CHINA,$1.425,$1.900,-25%
9951790,AMPOLLETA HALÓGENA H3 PARA AUTO 12V 55W NEBLINERO CHEVROLET AVEO,H3 12 VOLTS 55 WATTS BASE PK22S CON CHICOTE,2008 - 2016,STP,CHINA,$750,$1.000,-25%
9963351,AMPOLLETA HALÓGENA H3 PARA AUTO 12V 55W NEBLINERO CHEVROLET AVEO,H3 12 VOLTS 55 WATTS BASE PK22S CON CHICOTE,2008 - 2016,BOSCH,CHINA,$1.350,$1.800,-25%
1500108,NEBLINERO DERECHO CHEVROLET AVEO,DERECHO HATCH BACK USA AMPOLLETA H3 SIN AMPOLLETA PLASTICO,2008 - 2016,FABRICAS CHINAS,CHINA,$20.737,$27.650,-25%
1500098,NEBLINERO IZQUIERDO CHEVROLET AVEO,IZQUIERDO HATCH BACK USA AMPOLLETA H3 SIN AMPOLLETA PLASTICO,2008 - 2016,FABRICAS CHINAS,CHINA,$20.737,$27.650,-25%
8701590,RELAY BOMBA DE BENCINA /LUCES NEBLINERO CHEVROLET AVEO,LUCES BOCINA NEBLINERO BOMBA BENCINA,2008 - 2016,KOREA,KOREA,$6.675,$8.900,-25%
1599018,BOMBA DE AGUA CON ORING CHEVROLET AVEO,CON ORING,2004 - 2011,WURTEX,CHINA,$11.287,$15.050,-25%
1599014,BOMBA DE AGUA CON ORING CHEVROLET AVEO,CON ORING,2004 - 2011,MANDO,KOREA,$17.025,$22.700,-25%
9941580,BOMBA DE AGUA CON ORING CHEVROLET AVEO,CON ORING,2004 - 2011,STP,CHINA,$17.287,$23.050,-25%
9954571,BOMBA DE AGUA CON ORING CHEVROLET AVEO,CON ORING,2004 - 2011,TOTO,TAIWAN,$18.936,$25.249,-25%
1599018,BOMBA DE AGUA CON ORING CHEVROLET AVEO,CON ORING,2006 - 2016,WURTEX,CHINA,$11.287,$15.050,-25%
1599014,BOMBA DE AGUA CON ORING CHEVROLET AVEO,CON ORING,2006 - 2016,MANDO,KOREA,$17.025,$22.700,-25%
9941580,BOMBA DE AGUA CON ORING CHEVROLET AVEO,CON ORING,2006 - 2016,STP,CHINA,$17.287,$23.050,-25%
9954571,BOMBA DE AGUA CON ORING CHEVROLET AVEO,CON ORING,2006 - 2016,TOTO,TAIWAN,$18.936,$25.249,-25%
1599018,BOMBA DE AGUA CON ORING CHEVROLET AVEO,CON ORING,2008 - 2016,WURTEX,CHINA,$11.287,$15.050,-25%
1599014,BOMBA DE AGUA CON ORING CHEVROLET AVEO,CON ORING,2008 - 2016,MANDO,KOREA,$17.025,$22.700,-25%
9941580,BOMBA DE AGUA CON ORING CHEVROLET AVEO,CON ORING,2008 - 2016,STP,CHINA,$17.287,$23.050,-25%
9954571,BOMBA DE AGUA CON ORING CHEVROLET AVEO,CON ORING,2008 - 2016,TOTO,TAIWAN,$18.936,$25.249,-25%
9951290,AMPOLLETA LED H7 PARA AUTO 12V 30W FOCO MAYOR BAJA Y NEBLINERO HYUNDAI SANTA FE,H7 12 VOLTS 30 WATTS 6000K JUEGO LED 2 UNIDADES,2010 - 2012,FABRICAS CHINAS,CHINA,$6.825,$9.100,-25%
9951290,AMPOLLETA LED H7 PARA AUTO 12V 30W FOCO MAYOR BAJA Y NEBLINERO HYUNDAI SANTA FE,H7 12 VOLTS 30 WATTS 6000K JUEGO LED 2 UNIDADES,2011 - 2013,FABRICAS CHINAS,CHINA,$6.825,$9.100,-25%
9951290,AMPOLLETA LED H7 PARA AUTO 12V 30W FOCO MAYOR BAJA Y NEBLINERO HYUNDAI SANTA FE,H7 12 VOLTS 30 WATTS 6000K JUEGO LED 2 UNIDADES,2013 - 2018,FABRICAS CHINAS,CHINA,$6.825,$9.100,-25%
9951290,AMPOLLETA LED H7 PARA AUTO 12V 30W FOCO MAYOR BAJA Y NEBLINERO HYUNDAI SANTA FE,H7 12 VOLTS 30 WATTS 6000K JUEGO LED 2 UNIDADES,2006 - 2010,FABRICAS CHINAS,CHINA,$6.825,$9.100,-25%
0012455,AMPOLLETA HALÓGENA H7 PARA AUTO 12V 55W FOCO MAYOR BAJA Y NEBLINERO HYUNDAI SANTA FE,H7 12 VOLTS 55 WATTS BASE PX26D,2010 - 2012,HELLA,CHINA,$3.186,$4.249,-25%
9951794,AMPOLLETA HALÓGENA H7 PARA AUTO 12V 55W FOCO MAYOR BAJA Y NEBLINERO HYUNDAI SANTA FE,H7 12 VOLTS 55 WATTS BASE PX26D,2010 - 2012,STP,CHINA,$1.238,$1.651,-25%
9963345,AMPOLLETA HALÓGENA H7 PARA AUTO 12V 55W FOCO MAYOR BAJA Y NEBLINERO HYUNDAI SANTA FE,H7 12 VOLTS 55 WATTS BASE PX26D,2010 - 2012,BOSCH,CHINA,(5.0),IVA Incl.,IVA Incl.
9951290,AMPOLLETA LED H7 PARA AUTO 12V 30W FOCO MAYOR BAJA Y NEBLINERO HYUNDAI SANTA FE,H7 12 VOLTS 30 WATTS 6000K JUEGO LED 2 UNIDADES,2010 - 2012,FABRICAS CHINAS,CHINA,$6.825,$9.100,-25%
0012455,AMPOLLETA HALÓGENA H7 PARA AUTO 12V 55W FOCO MAYOR BAJA Y NEBLINERO HYUNDAI SANTA FE,H7 12 VOLTS 55 WATTS BASE PX26D,2011 - 2013,HELLA,CHINA,$3.186,$4.249,-25%
9951794,AMPOLLETA HALÓGENA H7 PARA AUTO 12V 55W FOCO MAYOR BAJA Y NEBLINERO HYUNDAI SANTA FE,H7 12 VOLTS 55 WATTS BASE PX26D,2011 - 2013,STP,CHINA,$1.238,$1.651,-25%
9963345,AMPOLLETA HALÓGENA H7 PARA AUTO 12V 55W FOCO MAYOR BAJA Y NEBLINERO HYUNDAI SANTA FE,H7 12 VOLTS 55 WATTS BASE PX26D,2011 - 2013,BOSCH,CHINA,(5.0),IVA Incl.,IVA Incl.
9951290,AMPOLLETA LED H7 PARA AUTO 12V 30W FOCO MAYOR BAJA Y NEBLINERO HYUNDAI SANTA FE,H7 12 VOLTS 30 WATTS 6000K JUEGO LED 2 UNIDADES,2011 - 2013,FABRICAS CHINAS,CHINA,$6.825,$9.100,-25%
0012455,AMPOLLETA HALÓGENA H7 PARA AUTO 12V 55W FOCO MAYOR BAJA Y NEBLINERO HYUNDAI SANTA FE,H7 12 VOLTS 55 WATTS BASE PX26D,2013 - 2018,HELLA,CHINA,$3.186,$4.249,-25%
9951794,AMPOLLETA HALÓGENA H7 PARA AUTO 12V 55W FOCO MAYOR BAJA Y NEBLINERO HYUNDAI SANTA FE,H7 12 VOLTS 55 WATTS BASE PX26D,2013 - 2018,STP,CHINA,$1.238,$1.651,-25%
9963345,AMPOLLETA HALÓGENA H7 PARA AUTO 12V 55W FOCO MAYOR BAJA Y NEBLINERO HYUNDAI SANTA FE,H7 12 VOLTS 55 WATTS BASE PX26D,2013 - 2018,BOSCH,CHINA,(5.0),IVA Incl.,IVA Incl.
9951290,AMPOLLETA LED H7 PARA AUTO 12V 30W FOCO MAYOR BAJA Y NEBLINERO HYUNDAI SANTA FE,H7 12 VOLTS 30 WATTS 6000K JUEGO LED 2 UNIDADES,2013 - 2018,FABRICAS CHINAS,CHINA,$6.825,$9.100,-25%
0012455,AMPOLLETA HALÓGENA H7 PARA AUTO 12V 55W FOCO MAYOR BAJA Y NEBLINERO HYUNDAI SANTA FE,H7 12 VOLTS 55 WATTS BASE PX26D,2006 - 2010,HELLA,CHINA,$3.186,$4.249,-25%
9951794,AMPOLLETA HALÓGENA H7 PARA AUTO 12V 55W FOCO MAYOR BAJA Y NEBLINERO HYUNDAI SANTA FE,H7 12 VOLTS 55 WATTS BASE PX26D,2006 - 2010,STP,CHINA,$1.238,$1.651,-25%
9963345,AMPOLLETA HALÓGENA H7 PARA AUTO 12V 55W FOCO MAYOR BAJA Y NEBLINERO HYUNDAI SANTA FE,H7 12 VOLTS 55 WATTS BASE PX26D,2006 - 2010,BOSCH,CHINA,(5.0),IVA Incl.,IVA Incl.
9951290,AMPOLLETA LED H7 PARA AUTO 12V 30W FOCO MAYOR BAJA Y NEBLINERO HYUNDAI SANTA FE,H7 12 VOLTS 30 WATTS 6000K JUEGO LED 2 UNIDADES,2006 - 2010,FABRICAS CHINAS,CHINA,$6.825,$9.100,-25%
9941637,BOMBA DE AGUA CON EMPAQUETADURA HYUNDAI SANTA FE,CON EMPAQUETADURA,2000 - 2009,STP,KOREA,$36.412,$48.550,-25%
9954611,BOMBA DE AGUA CON EMPAQUETADURA HYUNDAI SANTA FE,CON EMPAQUETADURA,2000 - 2009,TOTO,TAIWAN,(5.0),IVA Incl.,IVA Incl.
H103224,BOMBA DE AGUA CON EMPAQUETADURA HYUNDAI SANTA FE,CON EMPAQUETADURA,2000 - 2009,MANDO,KOREA,$33.300,$44.400,-25%
9941637,BOMBA DE AGUA CON EMPAQUETADURA HYUNDAI SANTA FE,CON EMPAQUETADURA,2006 - 2010,STP,KOREA,$36.412,$48.550,-25%
9954611,BOMBA DE AGUA CON EMPAQUETADURA HYUNDAI SANTA FE,CON EMPAQUETADURA,2006 - 2010,TOTO,TAIWAN,(5.0),IVA Incl.,IVA Incl.
H103224,BOMBA DE AGUA CON EMPAQUETADURA HYUNDAI SANTA FE,CON EMPAQUETADURA,2006 - 2010,MANDO,KOREA,$33.300,$44.400,-25%
9951292,AMPOLLETA LED H1 PARA AUTO 12V 30W FOCO MAYOR BAJA KIA SORENTO,H1 12 VOLTS 30 WATTS 6000K JUEGO LED 2 UNIDADES,2008 - 2010,FABRICAS CHINAS,CHINA,$7.200,$9.600,-25%
9951290,AMPOLLETA LED H7 PARA AUTO 12V 30W FOCO MAYOR BAJA Y NEBLINERO KIA SORENTO,H7 12 VOLTS 30 WATTS 6000K JUEGO LED 2 UNIDADES,2008 - 2010,FABRICAS CHINAS,CHINA,$6.825,$9.100,-25%
9951292,AMPOLLETA LED H1 PARA AUTO 12V 30W FOCO MAYOR BAJA KIA SORENTO II,H1 12 VOLTS 30 WATTS 6000K JUEGO LED 2 UNIDADES,2010 - 2013,FABRICAS CHINAS,CHINA,$7.200,$9.600,-25%
9951290,AMPOLLETA LED H7 PARA AUTO 12V 30W FOCO MAYOR BAJA Y NEBLINERO KIA SORENTO II,H7 12 VOLTS 30 WATTS 6000K JUEGO LED 2 UNIDADES,2010 - 2013,FABRICAS CHINAS,CHINA,$6.825,$9.100,-25%
9951290,AMPOLLETA LED H7 PARA AUTO 12V 30W FOCO MAYOR BAJA Y NEBLINERO KIA SORENTO II,H7 12 VOLTS 30 WATTS 6000K JUEGO LED 2 UNIDADES,2010 - 2014,FABRICAS CHINAS,CHINA,$6.825,$9.100,-25%
9951798,AMPOLLETA HALÓGENA H27 PARA AUTO 12V 27W NEBLINERO KIA SORENTO,H27 12 VOLTS 27 WATTS 880 BASE PG13 RECTA,2015 - 2017,STP,CHINA,$1.312,$1.750,-25%
0012455,AMPOLLETA HALÓGENA H7 PARA AUTO 12V 55W FOCO MAYOR BAJA Y NEBLINERO KIA SORENTO,H7 12 VOLTS 55 WATTS BASE PX26D,2008 - 2010,HELLA,CHINA,$3.186,$4.249,-25%
9951794,AMPOLLETA HALÓGENA H7 PARA AUTO 12V 55W FOCO MAYOR BAJA Y NEBLINERO KIA SORENTO,H7 12 VOLTS 55 WATTS BASE PX26D,2008 - 2010,STP,CHINA,$1.238,$1.651,-25%
9963345,AMPOLLETA HALÓGENA H7 PARA AUTO 12V 55W FOCO MAYOR BAJA Y NEBLINERO KIA SORENTO,H7 12 VOLTS 55 WATTS BASE PX26D,2008 - 2010,BOSCH,CHINA,(5.0),IVA Incl.,IVA Incl.
9951290,AMPOLLETA LED H7 PARA AUTO 12V 30W FOCO MAYOR BAJA Y NEBLINERO KIA SORENTO,H7 12 VOLTS 30 WATTS 6000K JUEGO LED 2 UNIDADES,2008 - 2010,FABRICAS CHINAS,CHINA,$6.825,$9.100,-25%
0012455,AMPOLLETA HALÓGENA H7 PARA AUTO 12V 55W FOCO MAYOR BAJA Y NEBLINERO KIA SORENTO II,H7 12 VOLTS 55 WATTS BASE PX26D,2010 - 2013,HELLA,CHINA,$3.186,$4.249,-25%
9951794,AMPOLLETA HALÓGENA H7 PARA AUTO 12V 55W FOCO MAYOR BAJA Y NEBLINERO KIA SORENTO II,H7 12 VOLTS 55 WATTS BASE PX26D,2010 - 2013,STP,CHINA,$1.238,$1.651,-25%
9963345,AMPOLLETA HALÓGENA H7 PARA AUTO 12V 55W FOCO MAYOR BAJA Y NEBLINERO KIA SORENTO II,H7 12 VOLTS 55 WATTS BASE PX26D,2010 - 2013,BOSCH,CHINA,(5.0),IVA Incl.,IVA Incl.
9951290,AMPOLLETA LED H7 PARA AUTO 12V 30W FOCO MAYOR BAJA Y NEBLINERO KIA SORENTO II,H7 12 VOLTS 30 WATTS 6000K JUEGO LED 2 UNIDADES,2010 - 2013,FABRICAS CHINAS,CHINA,$6.825,$9.100,-25%
0012455,AMPOLLETA HALÓGENA H7 PARA AUTO 12V 55W FOCO MAYOR BAJA Y NEBLINERO KIA SORENTO II,H7 12 VOLTS 55 WATTS BASE PX26D,2010 - 2014,HELLA,CHINA,$3.186,$4.249,-25%
9951794,AMPOLLETA HALÓGENA H7 PARA AUTO 12V 55W FOCO MAYOR BAJA Y NEBLINERO KIA SORENTO II,H7 12 VOLTS 55 WATTS BASE PX26D,2010 - 2014,STP,CHINA,$1.238,$1.651,-25%
9963345,AMPOLLETA HALÓGENA H7 PARA AUTO 12V 55W FOCO MAYOR BAJA Y NEBLINERO KIA SORENTO II,H7 12 VOLTS 55 WATTS BASE PX26D,2010 - 2014,BOSCH,CHINA,(5.0),IVA Incl.,IVA Incl.
9951290,AMPOLLETA LED H7 PARA AUTO 12V 30W FOCO MAYOR BAJA Y NEBLINERO KIA SORENTO II,H7 12 VOLTS 30 WATTS 6000K JUEGO LED 2 UNIDADES,2010 - 2014,FABRICAS CHINAS,CHINA,$6.825,$9.100,-25%
9951289,AMPOLLETA LED H4 PARA AUTO 12V 30W FOCO MAYOR ALTA Y BAJA FORD RANGER,H4 12 VOLTS 30 WATTS 6000K P43T JUEGO LED 2 UNIDADES 3800 LUMENES KIT,2001 - 2012,FABRICAS CHINAS,CHINA,(5.0),IVA Incl.,IVA Incl.
9951289,AMPOLLETA LED H4 PARA AUTO 12V 30W FOCO MAYOR ALTA Y BAJA FORD RANGER,H4 12 VOLTS 30 WATTS 6000K P43T JUEGO LED 2 UNIDADES 3800 LUMENES KIT,1989 - 1999,FABRICAS CHINAS,CHINA,(5.0),IVA Incl.,IVA Incl.
9951289,AMPOLLETA LED H4 PARA AUTO 12V 30W FOCO MAYOR ALTA Y BAJA FORD RANGER,H4 12 VOLTS 30 WATTS 6000K P43T JUEGO LED 2 UNIDADES 3800 LUMENES KIT,2008 - 2016,FABRICAS CHINAS,CHINA,(5.0),IVA Incl.,IVA Incl.
9951289,AMPOLLETA LED H4 PARA AUTO 12V 30W FOCO MAYOR ALTA Y BAJA FORD RANGER,H4 12 VOLTS 30 WATTS 6000K P43T JUEGO LED 2 UNIDADES 3800 LUMENES KIT,2012 - 2014,FABRICAS CHINAS,CHINA,(5.0),IVA Incl.,IVA Incl.
9951289,AMPOLLETA LED H4 PARA AUTO 12V 30W FOCO MAYOR ALTA Y BAJA FORD RANGER,H4 12 VOLTS 30 WATTS 6000K P43T JUEGO LED 2 UNIDADES 3800 LUMENES KIT,2006 - 2012,FABRICAS CHINAS,CHINA,(5.0),IVA Incl.,IVA Incl.
9951289,AMPOLLETA LED H4 PARA AUTO 12V 30W FOCO MAYOR ALTA Y BAJA FORD RANGER,H4 12 VOLTS 30 WATTS 6000K P43T JUEGO LED 2 UNIDADES 3800 LUMENES KIT,2002 - 2007,FABRICAS CHINAS,CHINA,(5.0),IVA Incl.,IVA Incl.
9951289,AMPOLLETA LED H4 PARA AUTO 12V 30W FOCO MAYOR ALTA Y BAJA FORD RANGER,H4 12 VOLTS 30 WATTS 6000K P43T JUEGO LED 2 UNIDADES 3800 LUMENES KIT,2004 - 2013,FABRICAS CHINAS,CHINA,(5.0),IVA Incl.,IVA Incl.
9951294,AMPOLLETA LED H11 PARA AUTO 12V 30W NEBLINERO FORD RANGER,H11 12 VOLTS 30 WATTS 6000K JUEGO LED 2 UNIDADES,2012 - 2016,FABRICAS CHINAS,CHINA,$8.287,$11.050,-25%
9951289,AMPOLLETA LED H4 PARA AUTO 12V 30W FOCO MAYOR ALTA Y BAJA FORD RANGER,H4 12 VOLTS 30 WATTS 6000K P43T JUEGO LED 2 UNIDADES 3800 LUMENES KIT,2012 - 2016,FABRICAS CHINAS,CHINA,(5.0),IVA Incl.,IVA Incl.
Z000840,NEBLINEROS DERECHO IZQUIERDO CON AMPOLLETA H11 VIDRIO FORD RANGER,DERECHO IZQUIERDO USA AMPOLLETA H11 CON AMPOLLETA VIDRIO,2013 - 2014,FABRICAS CHINAS,CHINA,$9.825,$13.100,-25%
0029614,AMPOLLETA HALÓGENA H11 PARA AUTO 12V 55W NEBLINERO FORD RANGER,H11 12 VOLTS 55 WATTS BASE PGJ19-2,2012 - 2016,HELLA,ESTADOS UNIDOS,$7.012,$9.350,-25%
9951795,AMPOLLETA HALÓGENA H11 PARA AUTO 12V 55W NEBLINERO FORD RANGER,H11 12 VOLTS 55 WATTS BASE PGJ19-2,2012 - 2016,STP,CHINA,$1.387,$1.850,-25%
9963364,AMPOLLETA HALÓGENA H11 PARA AUTO 12V 55W NEBLINERO FORD RANGER,H11 12 VOLTS 55 WATTS BASE PGJ19-2,2012 - 2016,BOSCH,CHINA,$4.462,$5.950,-25%
9951294,AMPOLLETA LED H11 PARA AUTO 12V 30W NEBLINERO FORD RANGER,H11 12 VOLTS 30 WATTS 6000K JUEGO LED 2 UNIDADES,2012 - 2016,FABRICAS CHINAS,CHINA,$8.287,$11.050,-25%
9951294,AMPOLLETA LED H11 PARA AUTO 12V 30W NEBLINERO MAZDA BT50,H11 12 VOLTS 30 WATTS 6000K JUEGO LED 2 UNIDADES,2012 - 2020,FABRICAS CHINAS,CHINA,$8.287,$11.050,-25%
9951289,AMPOLLETA LED H4 PARA AUTO 12V 30W FOCO MAYOR ALTA Y BAJA MAZDA BT50,H4 12 VOLTS 30 WATTS 6000K P43T JUEGO LED 2 UNIDADES 3800 LUMENES KIT,2012 - 2020,FABRICAS CHINAS,CHINA,(5.0),IVA Incl.,IVA Incl.
9951289,AMPOLLETA LED H4 PARA AUTO 12V 30W FOCO MAYOR ALTA Y BAJA MAZDA BT50,H4 12 VOLTS 30 WATTS 6000K P43T JUEGO LED 2 UNIDADES 3800 LUMENES KIT,2007 - 2012,FABRICAS CHINAS,CHINA,(5.0),IVA Incl.,IVA Incl.
9951289,AMPOLLETA LED H4 PARA AUTO 12V 30W FOCO MAYOR ALTA Y BAJA MAZDA BT50,H4 12 VOLTS 30 WATTS 6000K P43T JUEGO LED 2 UNIDADES 3800 LUMENES KIT,2006 - 2012,FABRICAS CHINAS,CHINA,(5.0),IVA Incl.,IVA Incl.
9951294,AMPOLLETA LED H11 PARA AUTO 12V 30W NEBLINERO MAZDA BT50,H11 12 VOLTS 30 WATTS 6000K JUEGO LED 2 UNIDADES,2012 - 2020,FABRICAS CHINAS,CHINA,$8.287,$11.050,-25%
9951289,AMPOLLETA LED H4 PARA AUTO 12V 30W FOCO MAYOR ALTA Y BAJA MAZDA BT50,H4 12 VOLTS 30 WATTS 6000K P43T JUEGO LED 2 UNIDADES 3800 LUMENES KIT,2012 - 2020,FABRICAS CHINAS,CHINA,(5.0),IVA Incl.,IVA Incl.
0029614,AMPOLLETA HALÓGENA H11 PARA AUTO 12V 55W NEBLINERO MAZDA BT50,H11 12 VOLTS 55 WATTS BASE PGJ19-2,2012 - 2020,HELLA,ESTADOS UNIDOS,$7.012,$9.350,-25%
9951795,AMPOLLETA HALÓGENA H11 PARA AUTO 12V 55W NEBLINERO MAZDA BT50,H11 12 VOLTS 55 WATTS BASE PGJ19-2,2012 - 2020,STP,CHINA,$1.387,$1.850,-25%
9963364,AMPOLLETA HALÓGENA H11 PARA AUTO 12V 55W NEBLINERO MAZDA BT50,H11 12 VOLTS 55 WATTS BASE PGJ19-2,2012 - 2020,BOSCH,CHINA,$4.462,$5.950,-25%
9951294,AMPOLLETA LED H11 PARA AUTO 12V 30W NEBLINERO MAZDA BT50,H11 12 VOLTS 30 WATTS 6000K JUEGO LED 2 UNIDADES,2012 - 2020,FABRICAS CHINAS,CHINA,$8.287,$11.050,-25%
0029614,AMPOLLETA HALÓGENA H11 PARA AUTO 12V 55W NEBLINERO MAZDA BT50,H11 12 VOLTS 55 WATTS BASE PGJ19-2,2012 - 2020,HELLA,ESTADOS UNIDOS,$7.012,$9.350,-25%
9951795,AMPOLLETA HALÓGENA H11 PARA AUTO 12V 55W NEBLINERO MAZDA BT50,H11 12 VOLTS 55 WATTS BASE PGJ19-2,2012 - 2020,STP,CHINA,$1.387,$1.850,-25%
9963364,AMPOLLETA HALÓGENA H11 PARA AUTO 12V 55W NEBLINERO MAZDA BT50,H11 12 VOLTS 55 WATTS BASE PGJ19-2,2012 - 2020,BOSCH,CHINA,$4.462,$5.950,-25%
9951294,AMPOLLETA LED H11 PARA AUTO 12V 30W NEBLINERO MAZDA BT50,H11 12 VOLTS 30 WATTS 6000K JUEGO LED 2 UNIDADES,2012 - 2020,FABRICAS CHINAS,CHINA,$8.287,$11.050,-25%
9951289,AMPOLLETA LED H4 PARA AUTO 12V 30W FOCO MAYOR ALTA Y BAJA SSANGYONG ACTYON,H4 12 VOLTS 30 WATTS 6000K P43T JUEGO LED 2 UNIDADES 3800 LUMENES KIT,2006 - 2011,FABRICAS CHINAS,CHINA,(5.0),IVA Incl.,IVA Incl.
9951289,AMPOLLETA LED H4 PARA AUTO 12V 30W FOCO MAYOR ALTA Y BAJA SSANGYONG ACTYON SPORT,H4 12 VOLTS 30 WATTS 6000K P43T JUEGO LED 2 UNIDADES 3800 LUMENES KIT,2007 - 2011,FABRICAS CHINAS,CHINA,(5.0),IVA Incl.,IVA Incl.
9951291,AMPOLLETA LED H27 PARA AUTO 12V 30W NEBLINERO SSANGYONG ACTYON SPORT,H27 12 VOLTS 30 WATTS 881 JUEGO LED 2 UNIDADES,2012 - 2017,FABRICAS CHINAS,CHINA,$5.663,$7.551,-25%
9951289,AMPOLLETA LED H4 PARA AUTO 12V 30W FOCO MAYOR ALTA Y BAJA SSANGYONG ACTYON SPORT,H4 12 VOLTS 30 WATTS 6000K P43T JUEGO LED 2 UNIDADES 3800 LUMENES KIT,2012 - 2017,FABRICAS CHINAS,CHINA,(5.0),IVA Incl.,IVA Incl.
9951798,AMPOLLETA HALÓGENA H27 PARA AUTO 12V 27W NEBLINERO SSANGYONG ACTYON SPORT,H27 12 VOLTS 27 WATTS 880 BASE PG13 RECTA,2012 - 2017,STP,CHINA,$1.312,$1.750,-25%
0012459,AMPOLLETA HALÓGENA H27 PARA AUTO 12V 27W NEBLINERO SSANGYONG ACTYON SPORT,H27 12 VOLTS 27 WATTS BASE PGJ13 CURVA,2012 - 2017,HELLA,CHINA,$4.462,$5.950,-25%
9951291,AMPOLLETA LED H27 PARA AUTO 12V 30W NEBLINERO SSANGYONG ACTYON SPORT,H27 12 VOLTS 30 WATTS 881 JUEGO LED 2 UNIDADES,2012 - 2017,FABRICAS CHINAS,CHINA,$5.663,$7.551,-25%
9951959,BOMBA DE AGUA CON EMPAQUETADURA SSANGYONG ACTYON,CON EMPAQUETADURA,2006 - 2011,WURTEX,CHINA,$29.512,$39.350,-25%
9951959,BOMBA DE AGUA CON EMPAQUETADURA SSANGYONG ACTYON SPORT,CON EMPAQUETADURA,2007 - 2011,WURTEX,CHINA,$29.512,$39.350,-25%
9951960,BOMBA DE AGUA SSANGYONG ACTYON SPORT,CON POLEA CON ORING,2012 - 2017,WURTEX,CHINA,$30.188,$40.251,-25%
9947963,FAROL TRASERO DERECHO CHEVROLET LUV DMAX,DERECHO LED/PY21W/P21W/W5W ROJO FUME,2016 - 2019,DEPO,TAIWAN,$82.725,$110.300,-25%
9947964,FAROL TRASERO IZQUIERDO CHEVROLET LUV DMAX,IZQUIERDO LED/PY21W/P21W/W5W ROJO FUME,2016 - 2019,DEPO,TAIWAN,$82.725,$110.300,-25%
9956737,FAROL TRASERO DERECHO CHEVROLET LUV DMAX,DERECHO LED/PY21W/P21W,2012 - 2014,FABRICAS CHINAS,CHINA,$34.912,$46.550,-25%
9961330,FAROL TRASERO DERECHO CHEVROLET LUV DMAX,DERECHO LED/PY21W/P21W,2012 - 2014,TYC,TAIWAN,$58.800,$78.400,-25%
9961329,FAROL TRASERO IZQUIERDO CHEVROLET LUV DMAX,IZQUIERDO LED/PY21W/P21W,2012 - 2014,TYC,TAIWAN,$58.800,$78.400,-25%
9956738,FAROL TRASERO IZQUIERDO LED PY21W/P21W CHEVROLET LUV DMAX,IZQUIERDO LED PY21W/P21W,2012 - 2014,FABRICAS CHINAS,CHINA,$34.912,$46.550,-25%
9956737,FAROL TRASERO DERECHO CHEVROLET LUV DMAX,DERECHO LED/PY21W/P21W,2012 - 2014,FABRICAS CHINAS,CHINA,$34.912,$46.550,-25%
9961330,FAROL TRASERO DERECHO CHEVROLET LUV DMAX,DERECHO LED/PY21W/P21W,2012 - 2014,TYC,TAIWAN,$58.800,$78.400,-25%
9961329,FAROL TRASERO IZQUIERDO CHEVROLET LUV DMAX,IZQUIERDO LED/PY21W/P21W,2012 - 2014,TYC,TAIWAN,$58.800,$78.400,-25%
9956738,FAROL TRASERO IZQUIERDO LED PY21W/P21W CHEVROLET LUV DMAX,IZQUIERDO LED PY21W/P21W,2012 - 2014,FABRICAS CHINAS,CHINA,$34.912,$46.550,-25%
9947963,FAROL TRASERO DERECHO CHEVROLET LUV DMAX,DERECHO LED/PY21W/P21W/W5W ROJO FUME,2016 - 2019,DEPO,TAIWAN,$82.725,$110.300,-25%
9947964,FAROL TRASERO IZQUIERDO CHEVROLET LUV DMAX,IZQUIERDO LED/PY21W/P21W/W5W ROJO FUME,2016 - 2019,DEPO,TAIWAN,$82.725,$110.300,-25%
9951289,AMPOLLETA LED H4 PARA AUTO 12V 30W FOCO MAYOR ALTA Y BAJA CHEVROLET LUV DMAX,H4 12 VOLTS 30 WATTS 6000K P43T JUEGO LED 2 UNIDADES 3800 LUMENES KIT,2005 - 2010,FABRICAS CHINAS,CHINA,(5.0),IVA Incl.,IVA Incl.
9951289,AMPOLLETA LED H4 PARA AUTO 12V 30W FOCO MAYOR ALTA Y BAJA CHEVROLET LUV DMAX,H4 12 VOLTS 30 WATTS 6000K P43T JUEGO LED 2 UNIDADES 3800 LUMENES KIT,2015 - 2019,FABRICAS CHINAS,CHINA,(5.0),IVA Incl.,IVA Incl.
9951289,AMPOLLETA LED H4 PARA AUTO 12V 30W FOCO MAYOR ALTA Y BAJA CHEVROLET LUV DMAX,H4 12 VOLTS 30 WATTS 6000K P43T JUEGO LED 2 UNIDADES 3800 LUMENES KIT,2011 - 2014,FABRICAS CHINAS,CHINA,(5.0),IVA Incl.,IVA Incl.
9951289,AMPOLLETA LED H4 PARA AUTO 12V 30W FOCO MAYOR ALTA Y BAJA CHEVROLET LUV DMAX,H4 12 VOLTS 30 WATTS 6000K P43T JUEGO LED 2 UNIDADES 3800 LUMENES KIT,2011 - 2014,FABRICAS CHINAS,CHINA,(5.0),IVA Incl.,IVA Incl.
9951791,AMPOLLETA HALÓGENA 9005 PARA AUTO 12V 65W FOCO MAYOR BAJA CHEVROLET LUV DMAX,9005 12 VOLTS 65 WATTS BASE P20D HB3,2015 - 2019,STP,CHINA,$2.062,$2.750,-25%
9951293,AMPOLLETA LED 9005 PARA AUTO 12V 30W FOCO MAYOR BAJA CHEVROLET LUV DMAX,9005 12 VOLTS 30 WATTS 6000K JUEGO LED 2 UNIDADES,2015 - 2019,FABRICAS CHINAS,CHINA,$7.312,$9.750,-25%
9951289,AMPOLLETA LED H4 PARA AUTO 12V 30W FOCO MAYOR ALTA Y BAJA CHEVROLET LUV DMAX,H4 12 VOLTS 30 WATTS 6000K P43T JUEGO LED 2 UNIDADES 3800 LUMENES KIT,2005 - 2011,FABRICAS CHINAS,CHINA,(5.0),IVA Incl.,IVA Incl.
9951289,AMPOLLETA LED H4 PARA AUTO 12V 30W FOCO MAYOR ALTA Y BAJA CHEVROLET LUV DMAX,H4 12 VOLTS 30 WATTS 6000K P43T JUEGO LED 2 UNIDADES 3800 LUMENES KIT,2005 - 2011,FABRICAS CHINAS,CHINA,(5.0),IVA Incl.,IVA Incl.
9951289,AMPOLLETA LED H4 PARA AUTO 12V 30W FOCO MAYOR ALTA Y BAJA CHEVROLET LUV DMAX,H4 12 VOLTS 30 WATTS 6000K P43T JUEGO LED 2 UNIDADES 3800 LUMENES KIT,2005 - 2011,FABRICAS CHINAS,CHINA,(5.0),IVA Incl.,IVA Incl.
0012466,AMPOLLETA HALÓGENA H3 PARA AUTO 12V 55W NEBLINERO CHEVROLET LUV DMAX,H3 12 VOLTS 55 WATTS BASE PK22S CON CHICOTE,2005 - 2009,HELLA,CHINA,$1.425,$1.900,-25%
9951790,AMPOLLETA HALÓGENA H3 PARA AUTO 12V 55W NEBLINERO CHEVROLET LUV DMAX,H3 12 VOLTS 55 WATTS BASE PK22S CON CHICOTE,2005 - 2009,STP,CHINA,$750,$1.000,-25%
9963351,AMPOLLETA HALÓGENA H3 PARA AUTO 12V 55W NEBLINERO CHEVROLET LUV DMAX,H3 12 VOLTS 55 WATTS BASE PK22S CON CHICOTE,2005 - 2009,BOSCH,CHINA,$1.350,$1.800,-25%
9963358,AMPOLLETA HALÓGENA 9006 PARA AUTO 12V 51W NEBLINERO CHEVROLET LUV DMAX,9006 12 VOLTS 51 WATTS BASE P22D HB4,2011 - 2014,BOSCH,CHINA,$3.186,$4.249,-25%
0029604,AMPOLLETA HALÓGENA 9006 PARA AUTO 12V 55W NEBLINERO CHEVROLET LUV DMAX,9006 12 VOLTS 55 WATTS BASE P22D HB4,2011 - 2014,HELLA,ESTADOS UNIDOS,$4.087,$5.450,-25%
9951792,AMPOLLETA HALÓGENA 9006 PARA AUTO 12V 55W NEBLINERO CHEVROLET LUV DMAX,9006 12 VOLTS 55 WATTS BASE P22D HB4,2011 - 2014,STP,CHINA,$1.537,$2.050,-25%
0022045,KIT NEBLINEROS CHEVROLET LUV DMAX,DERECHO IZQUIERDO USA AMPOLLETA HB4 CON AMPOLLETA CON CABLE VIDRIO KIT,2011 - 2014,HID AUTOLIGHT,CHINA,$32.438,$43.251,-25%
9963358,AMPOLLETA HALÓGENA 9006 PARA AUTO 12V 51W NEBLINERO CHEVROLET LUV DMAX,9006 12 VOLTS 51 WATTS BASE P22D HB4,2011 - 2020,BOSCH,CHINA,$3.186,$4.249,-25%
0029604,AMPOLLETA HALÓGENA 9006 PARA AUTO 12V 55W NEBLINERO CHEVROLET LUV DMAX,9006 12 VOLTS 55 WATTS BASE P22D HB4,2011 - 2020,HELLA,ESTADOS UNIDOS,$4.087,$5.450,-25%
9951792,AMPOLLETA HALÓGENA 9006 PARA AUTO 12V 55W NEBLINERO CHEVROLET LUV DMAX,9006 12 VOLTS 55 WATTS BASE P22D HB4,2011 - 2020,STP,CHINA,$1.537,$2.050,-25%
0022045,KIT NEBLINEROS CHEVROLET LUV DMAX,DERECHO IZQUIERDO USA AMPOLLETA HB4 CON AMPOLLETA CON CABLE VIDRIO KIT,2011 - 2014,HID AUTOLIGHT,CHINA,$32.438,$43.251,-25%
1604090,KIT NEBLINEROS CHEVROLET LUV DMAX,DERECHO IZQUIERDO USA AMPOLLETA HB4 CON AMPOLLETA CON CABLE VIDRIO KIT,2011 - 2014,FABRICAS CHINAS,CHINA,$35.887,$47.850,-25%
9963358,AMPOLLETA HALÓGENA 9006 PARA AUTO 12V 51W NEBLINERO CHEVROLET LUV DMAX,9006 12 VOLTS 51 WATTS BASE P22D HB4,2015 - 2019,BOSCH,CHINA,$3.186,$4.249,-25%
0029604,AMPOLLETA HALÓGENA 9006 PARA AUTO 12V 55W NEBLINERO CHEVROLET LUV DMAX,9006 12 VOLTS 55 WATTS BASE P22D HB4,2015 - 2019,HELLA,ESTADOS UNIDOS,$4.087,$5.450,-25%
9951792,AMPOLLETA HALÓGENA 9006 PARA AUTO 12V 55W NEBLINERO CHEVROLET LUV DMAX,9006 12 VOLTS 55 WATTS BASE P22D HB4,2015 - 2019,STP,CHINA,$1.537,$2.050,-25%
9963358,AMPOLLETA HALÓGENA 9006 PARA AUTO 12V 51W NEBLINERO CHEVROLET LUV DMAX,9006 12 VOLTS 51 WATTS BASE P22D HB4,2004 - 2014,BOSCH,CHINA,$3.186,$4.249,-25%
0029604,AMPOLLETA HALÓGENA 9006 PARA AUTO 12V 55W NEBLINERO CHEVROLET LUV DMAX,9006 12 VOLTS 55 WATTS BASE P22D HB4,2004 - 2014,HELLA,ESTADOS UNIDOS,$4.087,$5.450,-25%
9951792,AMPOLLETA HALÓGENA 9006 PARA AUTO 12V 55W NEBLINERO CHEVROLET LUV DMAX,9006 12 VOLTS 55 WATTS BASE P22D HB4,2004 - 2014,STP,CHINA,$1.537,$2.050,-25%
0012466,AMPOLLETA HALÓGENA H3 PARA AUTO 12V 55W NEBLINERO CHEVROLET LUV DMAX,H3 12 VOLTS 55 WATTS BASE PK22S CON CHICOTE,2005 - 2008,HELLA,CHINA,$1.425,$1.900,-25%
9951790,AMPOLLETA HALÓGENA H3 PARA AUTO 12V 55W NEBLINERO CHEVROLET LUV DMAX,H3 12 VOLTS 55 WATTS BASE PK22S CON CHICOTE,2005 - 2008,STP,CHINA,$750,$1.000,-25%
9963351,AMPOLLETA HALÓGENA H3 PARA AUTO 12V 55W NEBLINERO CHEVROLET LUV DMAX,H3 12 VOLTS 55 WATTS BASE PK22S CON CHICOTE,2005 - 2008,BOSCH,CHINA,$1.350,$1.800,-25%
0022045,KIT NEBLINEROS CHEVROLET LUV DMAX,DERECHO IZQUIERDO USA AMPOLLETA HB4 CON AMPOLLETA CON CABLE VIDRIO KIT,2009 - 2011,HID AUTOLIGHT,CHINA,$32.438,$43.251,-25%
1604090,KIT NEBLINEROS CHEVROLET LUV DMAX,DERECHO IZQUIERDO USA AMPOLLETA HB4 CON AMPOLLETA CON CABLE VIDRIO KIT,2009 - 2011,FABRICAS CHINAS,CHINA,$35.887,$47.850,-25%
0012466,AMPOLLETA HALÓGENA H3 PARA AUTO 12V 55W NEBLINERO CHEVROLET LUV DMAX,H3 12 VOLTS 55 WATTS BASE PK22S CON CHICOTE,2005 - 2009,HELLA,CHINA,$1.425,$1.900,-25%
9951790,AMPOLLETA HALÓGENA H3 PARA AUTO 12V 55W NEBLINERO CHEVROLET LUV DMAX,H3 12 VOLTS 55 WATTS BASE PK22S CON CHICOTE,2005 - 2009,STP,CHINA,$750,$1.000,-25%
9963351,AMPOLLETA HALÓGENA H3 PARA AUTO 12V 55W NEBLINERO CHEVROLET LUV DMAX,H3 12 VOLTS 55 WATTS BASE PK22S CON CHICOTE,2005 - 2009,BOSCH,CHINA,$1.350,$1.800,-25%
9941667,BOMBA DE AGUA CHEVROLET LUV DMAX,POLEA 25 DIENTES CON O´RING,2005 - 2009,STP,KOREA,$30.862,$41.150,-25%
1103631,BOMBA DE AGUA CHEVROLET LUV DMAX,POLEA 25 DIENTES CON O´RING,2005 - 2009,WURTEX,CHINA,$10.011,$13.349,-25%
9954607,BOMBA DE AGUA CHEVROLET LUV DMAX,POLEA 25 DIENTES CON O´RING,2005 - 2009,TOTO,TAIWAN,$25.087,$33.450,-25%
9951970,BOMBA DE AGUA CHEVROLET LUV DMAX,I-59 CON EMPAQUETADURA,2015 - 2019,WURTEX,CHINA,$24.375,$32.500,-25%
9955278,BOMBA DE AGUA I-59 CON EMPAQUETADURA CHEVROLET LUV DMAX,I-59 CON EMPAQUETADURA,2015 - 2019,TOTO,TAIWAN,$34.387,$45.850,-25%
0021556,BOMBA DE AGUA CON EMPAQUETADURA CHEVROLET LUV DMAX,I-59 CON EMPAQUETADURA,2015 - 2019,NPW,JAPON,$49.237,$65.650,-25%
9951970,BOMBA DE AGUA CHEVROLET LUV DMAX,I-59 CON EMPAQUETADURA,2011 - 2014,WURTEX,CHINA,$24.375,$32.500,-25%
9955278,BOMBA DE AGUA I-59 CON EMPAQUETADURA CHEVROLET LUV DMAX,I-59 CON EMPAQUETADURA,2011 - 2014,TOTO,TAIWAN,$34.387,$45.850,-25%
0021556,BOMBA DE AGUA CON EMPAQUETADURA CHEVROLET LUV DMAX,I-59 CON EMPAQUETADURA,2011 - 2014,NPW,JAPON,$49.237,$65.650,-25%
9951970,BOMBA DE AGUA CHEVROLET LUV DMAX,I-59 CON EMPAQUETADURA,2011 - 2014,WURTEX,CHINA,$24.375,$32.500,-25%
9955278,BOMBA DE AGUA I-59 CON EMPAQUETADURA CHEVROLET LUV DMAX,I-59 CON EMPAQUETADURA,2011 - 2014,TOTO,TAIWAN,$34.387,$45.850,-25%
0021556,BOMBA DE AGUA CON EMPAQUETADURA CHEVROLET LUV DMAX,I-59 CON EMPAQUETADURA,2011 - 2014,NPW,JAPON,$49.237,$65.650,-25%
9951970,BOMBA DE AGUA CHEVROLET LUV DMAX,I-59 CON EMPAQUETADURA,2015 - 2019,WURTEX,CHINA,$24.375,$32.500,-25%
9955278,BOMBA DE AGUA I-59 CON EMPAQUETADURA CHEVROLET LUV DMAX,I-59 CON EMPAQUETADURA,2015 - 2019,TOTO,TAIWAN,$34.387,$45.850,-25%
0021556,BOMBA DE AGUA CON EMPAQUETADURA CHEVROLET LUV DMAX,I-59 CON EMPAQUETADURA,2015 - 2019,NPW,JAPON,$49.237,$65.650,-25%
1602183,BOMBA DE AGUA CHEVROLET LUV DMAX,I-26 CON O´RING,2005 - 2011,NPW,JAPON,$38.100,$50.800,-25%
0021590,BOMBA DE AGUA CHEVROLET LUV DMAX,I-43 CON O`RING,2005 - 2011,NPW,JAPON,$39.675,$48.650,-18%
0013566,BOMBA DE AGUA CON ORING CHEVROLET LUV DMAX,CON ORING,2005 - 2011,WURTEX,CHINA,$18.787,$25.050,-25%
9941588,BOMBA DE AGUA CON ORING CHEVROLET LUV DMAX,CON ORING,2005 - 2011,STP,KOREA,$32.137,$42.850,-25%
9954609,BOMBA DE AGUA CON ORING CHEVROLET LUV DMAX,CON ORING,2005 - 2011,TOTO,TAIWAN,$37.162,$49.550,-25%
1602183,BOMBA DE AGUA CHEVROLET LUV DMAX,I-26 CON O´RING,2005 - 2011,NPW,JAPON,$38.100,$50.800,-25%
0021590,BOMBA DE AGUA CHEVROLET LUV DMAX,I-43 CON O`RING,2005 - 2011,NPW,JAPON,$39.675,$48.650,-18%
0013566,BOMBA DE AGUA CON ORING CHEVROLET LUV DMAX,CON ORING,2005 - 2011,WURTEX,CHINA,$18.787,$25.050,-25%
9941588,BOMBA DE AGUA CON ORING CHEVROLET LUV DMAX,CON ORING,2005 - 2011,STP,KOREA,$32.137,$42.850,-25%
9954609,BOMBA DE AGUA CON ORING CHEVROLET LUV DMAX,CON ORING,2005 - 2011,TOTO,TAIWAN,$37.162,$49.550,-25%
