Marca,Modelo,Repuesto
Mitsubishi,L200,Focos LED
Mitsubishi,L200,Ampolletas LED
Mitsubishi,L200,Neblineros
Mitsubishi,L200,Bomba de agua
Mitsubishi,L200,Chapa de puerta
Chevrolet,Aveo,Focos LED
Chevrolet,Aveo,Ampolletas LED
Chevrolet,Aveo,Neblineros
Chevrolet,Aveo,Bomba de agua
Chevrolet,Aveo,Chapa de puerta
Peugeot,Boxer,Focos LED
Peugeot,Boxer,Ampolletas LED
Peugeot,Boxer,Neblineros
Peugeot,Boxer,Bomba de agua
Peugeot,Boxer,Chapa de puerta
Hyundai,Santa Fe,Focos LED
Hyundai,Santa Fe,Ampolletas LED
Hyundai,Santa Fe,Neblineros
Hyundai,Santa Fe,Bomba de agua
Hyundai,Santa Fe,Chapa de puerta
Kia,Sorento,Focos LED
Kia,Sorento,Ampolletas LED
Kia,Sorento,Neblineros
Kia,Sorento,Bomba de agua
Kia,Sorento,Chapa de puerta
Ford,Ranger,Focos LED
Ford,Ranger,Ampolletas LED
Ford,Ranger,Neblineros
Ford,Ranger,Bomba de agua
Ford,Ranger,Chapa de puerta
Mazda,BT-50,Focos LED
Mazda,BT-50,Ampolletas LED
Mazda,BT-50,Neblineros
Mazda,BT-50,Bomba de agua
Mazda,BT-50,Chapa de puerta
Ssangyong,Actyon,Focos LED
Ssangyong,Actyon,Ampolletas LED
Ssangyong,Actyon,Neblineros
Ssangyong,Actyon,Bomba de agua
Ssangyong,Actyon,Chapa de puerta
Chevrolet,D-Max,Focos LED
Chevrolet,D-Max,Ampolletas LED
Chevrolet,D-Max,Neblineros
Chevrolet,D-Max,Bomba de agua
