Nombre,Precio,Busqueda
ACEITE MOTOR 15W40 1 LITRO DPF SINTETICO,$7.600,Focos LED L200 Mitsubishi
ACEITE MOTOR 15W40 6 LITROS DPF SINTETICO,$41.990,Focos LED L200 Mitsubishi
AJUSTADOR CADENA,$22.140,Focos LED L200 Mitsubishi
ALTERNADOR,$92.990,Focos LED L200 Mitsubishi
ALTERNADOR,$83.900,Focos LED L200 Mitsubishi
AMORTIGUADOR DELANTERO,$90.450,Focos LED L200 Mitsubishi
AMORTIGUADOR DELANTERO,$41.590,Focos LED L200 Mitsubishi
AMORTIGUADOR DELANTERO,$20.990,Focos LED L200 Mitsubishi
AMORTIGUADOR DELANTERO,$63.900,Focos LED L200 Mitsubishi
AMORTIGUADOR DELANTERO,$82.000,Focos LED L200 Mitsubishi
AMORTIGUADOR DELANTERO,$24.100,Focos LED L200 Mitsubishi
AMORTIGUADOR DELANTERO,$39.590,Focos LED L200 Mitsubishi
AMORTIGUADOR DELANTERO,$22.800,Focos LED L200 Mitsubishi
AMORTIGUADOR DELANTERO,$12.350,Focos LED L200 Mitsubishi
AMORTIGUADOR DELANTERO,$61.990,Focos LED L200 Mitsubishi
AMORTIGUADOR DELANTERO,$63.100,Focos LED L200 Mitsubishi
ACEITE MOTOR 15W40 1 LITRO DPF SINTETICO,$7.600,Ampolletas LED L200 Mitsubishi
ACEITE MOTOR 15W40 6 LITROS DPF SINTETICO,$41.990,Ampolletas LED L200 Mitsubishi
AJUSTADOR CADENA,$22.140,Ampolletas LED L200 Mitsubishi
ALTERNADOR,$92.990,Ampolletas LED L200 Mitsubishi
ALTERNADOR,$83.900,Ampolletas LED L200 Mitsubishi
AMORTIGUADOR DELANTERO,$90.450,Ampolletas LED L200 Mitsubishi
AMORTIGUADOR DELANTERO,$41.590,Ampolletas LED L200 Mitsubishi
AMORTIGUADOR DELANTERO,$20.990,Ampolletas LED L200 Mitsubishi
AMORTIGUADOR DELANTERO,$63.900,Ampolletas LED L200 Mitsubishi
AMORTIGUADOR DELANTERO,$82.000,Ampolletas LED L200 Mitsubishi
AMORTIGUADOR DELANTERO,$24.100,Ampolletas LED L200 Mitsubishi
AMORTIGUADOR DELANTERO,$39.590,Ampolletas LED L200 Mitsubishi
AMORTIGUADOR DELANTERO,$22.800,Ampolletas LED L200 Mitsubishi
AMORTIGUADOR DELANTERO,$12.350,Ampolletas LED L200 Mitsubishi
AMORTIGUADOR DELANTERO,$61.990,Ampolletas LED L200 Mitsubishi
AMORTIGUADOR DELANTERO,$63.100,Ampolletas LED L200 Mitsubishi
KIT NEBLINEROS,$41.900,Neblineros L200 Mitsubishi
KIT NEBLINEROS BISEL NEGRO,$44.900,Neblineros L200 Mitsubishi
KIT NEBLINEROS BISEL REDONDO,$62.040,Neblineros L200 Mitsubishi
NEBLINERO,,Neblineros L200 Mitsubishi
ASPA VENTILADOR,$28.900,Bomba de agua L200 Mitsubishi
BOMBA AGUA,$55.590,Bomba de agua L200 Mitsubishi
BOMBA AGUA,$39.990,Bomba de agua L200 Mitsubishi
BOMBA AGUA,$59.000,Bomba de agua L200 Mitsubishi
EMBRAGUE BOMBA AGUA,$75.990,Bomba de agua L200 Mitsubishi
EMBRAGUE BOMBA AGUA,$34.900,Bomba de agua L200 Mitsubishi
EMBRAGUE BOMBA AGUA,$40.900,Bomba de agua L200 Mitsubishi
EMBRAGUE BOMBA AGUA,$51.900,Bomba de agua L200 Mitsubishi
EMBRAGUE BOMBA AGUA,$84.670,Bomba de agua L200 Mitsubishi
ASPA VENTILADOR,,Bomba de agua L200 Mitsubishi
ABRAZADERA CHAPA CONTACTO,$3.860,Chapa de puerta L200 Mitsubishi
ACEITE MOTOR 15W40 1 LITRO DPF SINTETICO,$7.600,Chapa de puerta L200 Mitsubishi
ACEITE MOTOR 15W40 6 LITROS DPF SINTETICO,$41.990,Chapa de puerta L200 Mitsubishi
ALTERNADOR,$83.900,Chapa de puerta L200 Mitsubishi
AMORTIGUADOR DELANTERO,$90.450,Chapa de puerta L200 Mitsubishi
AMORTIGUADOR DELANTERO,$41.590,Chapa de puerta L200 Mitsubishi
AMORTIGUADOR DELANTERO,$20.990,Chapa de puerta L200 Mitsubishi
AMORTIGUADOR DELANTERO,$63.900,Chapa de puerta L200 Mitsubishi
AMORTIGUADOR DELANTERO,$24.100,Chapa de puerta L200 Mitsubishi
AMORTIGUADOR DELANTERO,$39.590,Chapa de puerta L200 Mitsubishi
AMORTIGUADOR DELANTERO,$12.350,Chapa de puerta L200 Mitsubishi
AMORTIGUADOR DELANTERO,$61.990,Chapa de puerta L200 Mitsubishi
AMORTIGUADOR DELANTERO,$32.300,Chapa de puerta L200 Mitsubishi
AMORTIGUADOR DELANTERO,$50.730,Chapa de puerta L200 Mitsubishi
AMORTIGUADOR DELANTERO,$20.900,Chapa de puerta L200 Mitsubishi
AMORTIGUADOR DELANTERO,$38.900,Chapa de puerta L200 Mitsubishi
ACEITE MOTOR 10W40 4 LITROS SINTETICO,$22.900,Focos LED Aveo Chevrolet
ACEITE MOTOR 10W40 4 LITROS SINTETICO,$22.800,Focos LED Aveo Chevrolet
ACEITE MOTOR 15W40 1 LITRO,$3.720,Focos LED Aveo Chevrolet
ACEITE MOTOR 15W40 6 LITROS DPF SINTETICO,$41.990,Focos LED Aveo Chevrolet
ACEITE MOTOR 15W40 6 LITROS SINTETICO,$31.920,Focos LED Aveo Chevrolet
ACEITE MOTOR 20W50 1 LITRO,$2.900,Focos LED Aveo Chevrolet
ACEITE MOTOR 20W50 1 LITRO SINTETICO,$5.700,Focos LED Aveo Chevrolet
ACEITE MOTOR 20W50 4 LITROS SINTETICO,$21.500,Focos LED Aveo Chevrolet
AJUSTADOR CADENA,$22.140,Focos LED Aveo Chevrolet
ALTERNADOR,$138.990,Focos LED Aveo Chevrolet
ALTERNADOR,$84.390,Focos LED Aveo Chevrolet
ALTERNADOR,$119.700,Focos LED Aveo Chevrolet
ALTERNADOR,$135.990,Focos LED Aveo Chevrolet
ALTERNADOR,$132.900,Focos LED Aveo Chevrolet
ALTERNADOR,$92.990,Focos LED Aveo Chevrolet
ALTERNADOR,$114.900,Focos LED Aveo Chevrolet
ACEITE MOTOR 10W40 4 LITROS SINTETICO,$22.900,Ampolletas LED Aveo Chevrolet
ACEITE MOTOR 10W40 4 LITROS SINTETICO,$22.800,Ampolletas LED Aveo Chevrolet
ACEITE MOTOR 15W40 1 LITRO,$3.720,Ampolletas LED Aveo Chevrolet
ACEITE MOTOR 15W40 6 LITROS DPF SINTETICO,$41.990,Ampolletas LED Aveo Chevrolet
ACEITE MOTOR 15W40 6 LITROS SINTETICO,$31.920,Ampolletas LED Aveo Chevrolet
ACEITE MOTOR 20W50 1 LITRO,$2.900,Ampolletas LED Aveo Chevrolet
ACEITE MOTOR 20W50 1 LITRO SINTETICO,$5.700,Ampolletas LED Aveo Chevrolet
ACEITE MOTOR 20W50 4 LITROS SINTETICO,$21.500,Ampolletas LED Aveo Chevrolet
AJUSTADOR CADENA,$22.140,Ampolletas LED Aveo Chevrolet
ALTERNADOR,$138.990,Ampolletas LED Aveo Chevrolet
ALTERNADOR,$84.390,Ampolletas LED Aveo Chevrolet
ALTERNADOR,$119.700,Ampolletas LED Aveo Chevrolet
ALTERNADOR,$135.990,Ampolletas LED Aveo Chevrolet
ALTERNADOR,$132.900,Ampolletas LED Aveo Chevrolet
ALTERNADOR,$92.990,Ampolletas LED Aveo Chevrolet
ALTERNADOR,$114.900,Ampolletas LED Aveo Chevrolet
NEBLINERO DERECHO,$11.590,Neblineros Aveo Chevrolet
NEBLINERO DERECHO,$9.590,Neblineros Aveo Chevrolet
NEBLINERO DERECHO,$22.900,Neblineros Aveo Chevrolet
NEBLINERO IZQUIERDO,$11.590,Neblineros Aveo Chevrolet
NEBLINERO IZQUIERDO,$9.590,Neblineros Aveo Chevrolet
TELECOMANDO CON NEBLINERO,$11.900,Neblineros Aveo Chevrolet
BISEL NEBLINERO DERECHO,,Neblineros Aveo Chevrolet
BOMBA AGUA,$39.900,Bomba de agua Aveo Chevrolet
BOMBA AGUA,$16.990,Bomba de agua Aveo Chevrolet
EMPAQUETADURA BASE BOMBA AGUA,$3.030,Bomba de agua Aveo Chevrolet
TUBO RADIADOR BOMBA AGUA,$5.500,Bomba de agua Aveo Chevrolet
BOMBA AGUA,,Bomba de agua Aveo Chevrolet
CHAPA PUERTA DELANTERA IZQUIERDA CON CIERRE ANTI ROBO,,Chapa de puerta Aveo Chevrolet
AMORTIGUADOR DELANTERO,$82.000,Focos LED Boxer Peugeot
AMORTIGUADOR DELANTERO,$22.800,Focos LED Boxer Peugeot
AMORTIGUADOR DELANTERO,$63.100,Focos LED Boxer Peugeot
AMORTIGUADOR DELANTERO,$22.900,Focos LED Boxer Peugeot
AMORTIGUADOR DELANTERO,$15.900,Focos LED Boxer Peugeot
AMORTIGUADOR DELANTERO DERECHO,$24.150,Focos LED Boxer Peugeot
AMORTIGUADOR DELANTERO IZQUIERDO,$80.750,Focos LED Boxer Peugeot
AMORTIGUADOR TRASERO,$33.911,Focos LED Boxer Peugeot
AMORTIGUADOR TRASERO,$28.300,Focos LED Boxer Peugeot
AMORTIGUADOR TRASERO,$16.900,Focos LED Boxer Peugeot
AMORTIGUADOR TRASERO,$13.700,Focos LED Boxer Peugeot
AMORTIGUADOR TRASERO,$31.920,Focos LED Boxer Peugeot
AMORTIGUADOR TRASERO,$13.900,Focos LED Boxer Peugeot
AMORTIGUADOR TRASERO,$13.500,Focos LED Boxer Peugeot
AMPOLLETA 12V 21/5W LED PATA DISPAREJA,$4.370,Focos LED Boxer Peugeot
BANDEJA DERECHA,$80.900,Focos LED Boxer Peugeot
AMORTIGUADOR DELANTERO,$82.000,Ampolletas LED Boxer Peugeot
AMORTIGUADOR DELANTERO,$22.800,Ampolletas LED Boxer Peugeot
AMORTIGUADOR DELANTERO,$63.100,Ampolletas LED Boxer Peugeot
AMORTIGUADOR DELANTERO,$22.900,Ampolletas LED Boxer Peugeot
AMORTIGUADOR DELANTERO,$15.900,Ampolletas LED Boxer Peugeot
AMORTIGUADOR DELANTERO DERECHO,$24.150,Ampolletas LED Boxer Peugeot
AMORTIGUADOR DELANTERO IZQUIERDO,$80.750,Ampolletas LED Boxer Peugeot
AMORTIGUADOR TRASERO,$33.911,Ampolletas LED Boxer Peugeot
AMORTIGUADOR TRASERO,$28.300,Ampolletas LED Boxer Peugeot
AMORTIGUADOR TRASERO,$16.900,Ampolletas LED Boxer Peugeot
AMORTIGUADOR TRASERO,$13.700,Ampolletas LED Boxer Peugeot
AMORTIGUADOR TRASERO,$31.920,Ampolletas LED Boxer Peugeot
AMORTIGUADOR TRASERO,$13.900,Ampolletas LED Boxer Peugeot
AMORTIGUADOR TRASERO,$13.500,Ampolletas LED Boxer Peugeot
AMPOLLETA 12V 21/5W LED PATA DISPAREJA,$4.370,Ampolletas LED Boxer Peugeot
AMPOLLETA 12V 5W COLA DE PESCADO,$770,Ampolletas LED Boxer Peugeot
AMPOLLETA HALOG 881 12V 27W NEBLINERO,$2.900,Neblineros Boxer Peugeot
BISEL BAJO NEBLINERO IZQUIERDA,$1.900,Neblineros Boxer Peugeot
BISEL NEBLINERO CON MOLDURA IZQUIERDO,$14.060,Neblineros Boxer Peugeot
BISEL NEBLINERO IZQUIERDO,$6.900,Neblineros Boxer Peugeot
BISEL NEBLINERO IZQUIERDO,$4.180,Neblineros Boxer Peugeot
BISEL NEBLINERO NEGRO DERECHO,$3.900,Neblineros Boxer Peugeot
BISEL NEBLINERO NEGRO IZQUIERDO,$3.900,Neblineros Boxer Peugeot
BISEL NEBLINERO SIN MOLDURA DERECHO,$3.515,Neblineros Boxer Peugeot
KIT NEBLINEROS,$33.900,Neblineros Boxer Peugeot
KIT NEBLINEROS,$41.900,Neblineros Boxer Peugeot
KIT NEBLINEROS,$82.900,Neblineros Boxer Peugeot
KIT NEBLINEROS,$39.000,Neblineros Boxer Peugeot
KIT NEBLINEROS,$48.900,Neblineros Boxer Peugeot
KIT NEBLINEROS,$43.000,Neblineros Boxer Peugeot
KIT NEBLINEROS,$48.500,Neblineros Boxer Peugeot
KIT NEBLINEROS,$38.000,Neblineros Boxer Peugeot
AGUA DESMINERALIZADA 5 LITROS,$1.800,Bomba de agua Boxer Peugeot
AGUA LIMPIAPARABRISAS 5 LITROS,$2.800,Bomba de agua Boxer Peugeot
AGUJA CARBURADOR,$2.330,Bomba de agua Boxer Peugeot
AGUJA CARBURADOR,$2.540,Bomba de agua Boxer Peugeot
AGUJA Y ASIENTO,$2.280,Bomba de agua Boxer Peugeot
ASPA VENTILADOR,$29.940,Bomba de agua Boxer Peugeot
ASPA VENTILADOR,$14.400,Bomba de agua Boxer Peugeot
ASPA VENTILADOR,$21.320,Bomba de agua Boxer Peugeot
ASPA VENTILADOR,$28.900,Bomba de agua Boxer Peugeot
ASPA VENTILADOR,$57.300,Bomba de agua Boxer Peugeot
ASPA VENTILADOR,$19.990,Bomba de agua Boxer Peugeot
ASPA VENTILADOR,$15.200,Bomba de agua Boxer Peugeot
BOMBA,$37.000,Bomba de agua Boxer Peugeot
BOMBA ACEITE,$42.060,Bomba de agua Boxer Peugeot
BOMBA ACEITE,$41.300,Bomba de agua Boxer Peugeot
BOMBA ACEITE,$192.260,Bomba de agua Boxer Peugeot
ABRAZADERA CHAPA CONTACTO,$3.860,Chapa de puerta Boxer Peugeot
AMORTIGUADOR TRASERO,$16.900,Chapa de puerta Boxer Peugeot
AMORTIGUADOR TRASERO,$19.500,Chapa de puerta Boxer Peugeot
AMORTIGUADOR TRASERO,$13.900,Chapa de puerta Boxer Peugeot
ANILLO SEGURO REDONDO PESTILLO PUERTA,$180,Chapa de puerta Boxer Peugeot
ANILLO SINCRONIZADOR TERCERA CUARTA QUINTA,$8.200,Chapa de puerta Boxer Peugeot
ANILLO SINCRONIZADOR TERCERA CUARTA QUINTA SEXTA,$30.100,Chapa de puerta Boxer Peugeot
ASIENTO RESORTE TRASERO,$7.140,Chapa de puerta Boxer Peugeot
BASE MANILLA CAFÉ DERECHA,$490,Chapa de puerta Boxer Peugeot
BASE MANILLA PUERTA EXTERIOR,$36.910,Chapa de puerta Boxer Peugeot
BISAGRA PUERTA DELANTERA,$30.900,Chapa de puerta Boxer Peugeot
BISAGRA PUERTA INFERIOR TRASERA DERECHA,$15.670,Chapa de puerta Boxer Peugeot
BISAGRA PUERTA INFERIOR TRASERA IZQUIERDA,$12.500,Chapa de puerta Boxer Peugeot
BISAGRA PUERTA SUPERIOR DELANTERA DERECHA,$44.800,Chapa de puerta Boxer Peugeot
BISEL CILINDRO PUERTA DELANTERA IZQUIERDA,$16.010,Chapa de puerta Boxer Peugeot
BOMBA ACEITE,$197.280,Chapa de puerta Boxer Peugeot
ACEITE MOTOR 0W20 1 LITRO SINTETICO,$20.800,Focos LED Santa Fe Hyundai
ACEITE MOTOR 0W40 1 LITRO SINTETICO,$10.900,Focos LED Santa Fe Hyundai
ACEITE MOTOR 10W30 GALON,$12.100,Focos LED Santa Fe Hyundai
ACEITE MOTOR 10W30 GALON SINTETICO,$29.900,Focos LED Santa Fe Hyundai
ACEITE MOTOR 10W40 1 LITRO SEMI-SINTETICO,$6.150,Focos LED Santa Fe Hyundai
ACEITE MOTOR 10W40 4 LITROS,$33.500,Focos LED Santa Fe Hyundai
ACEITE MOTOR 10W40 4 LITROS,$39.900,Focos LED Santa Fe Hyundai
ACEITE MOTOR 15W40 1 LITRO DPF SINTETICO,$7.600,Focos LED Santa Fe Hyundai
ACEITE MOTOR 15W40 6 LITROS DPF SINTETICO,$41.990,Focos LED Santa Fe Hyundai
ACEITE MOTOR 5W30 1 LITRO SINTETICO,$18.700,Focos LED Santa Fe Hyundai
ACEITE MOTOR 5W30 5 LITROS DPF SINTETICO,$58.800,Focos LED Santa Fe Hyundai
ACEITE MOTOR 5W30 6 LITROS DPF SINTETICO,$44.080,Focos LED Santa Fe Hyundai
ACOPLE DIRECCION,$72.060,Focos LED Santa Fe Hyundai
ALTERNADOR,$159.400,Focos LED Santa Fe Hyundai
ALTERNADOR,$139.900,Focos LED Santa Fe Hyundai
ALTERNADOR,$108.100,Focos LED Santa Fe Hyundai
ACEITE MOTOR 0W20 1 LITRO SINTETICO,$20.800,Ampolletas LED Santa Fe Hyundai
ACEITE MOTOR 0W40 1 LITRO SINTETICO,$10.900,Ampolletas LED Santa Fe Hyundai
ACEITE MOTOR 10W30 GALON,$12.100,Ampolletas LED Santa Fe Hyundai
ACEITE MOTOR 10W30 GALON SINTETICO,$29.900,Ampolletas LED Santa Fe Hyundai
ACEITE MOTOR 10W40 1 LITRO SEMI-SINTETICO,$6.150,Ampolletas LED Santa Fe Hyundai
ACEITE MOTOR 10W40 4 LITROS,$33.500,Ampolletas LED Santa Fe Hyundai
ACEITE MOTOR 10W40 4 LITROS,$39.900,Ampolletas LED Santa Fe Hyundai
ACEITE MOTOR 15W40 1 LITRO DPF SINTETICO,$7.600,Ampolletas LED Santa Fe Hyundai
ACEITE MOTOR 15W40 6 LITROS DPF SINTETICO,$41.990,Ampolletas LED Santa Fe Hyundai
ACEITE MOTOR 5W30 1 LITRO SINTETICO,$18.700,Ampolletas LED Santa Fe Hyundai
ACEITE MOTOR 5W30 5 LITROS DPF SINTETICO,$58.800,Ampolletas LED Santa Fe Hyundai
ACEITE MOTOR 5W30 6 LITROS DPF SINTETICO,$44.080,Ampolletas LED Santa Fe Hyundai
ACOPLE DIRECCION,$72.060,Ampolletas LED Santa Fe Hyundai
ALTERNADOR,$159.400,Ampolletas LED Santa Fe Hyundai
ALTERNADOR,$139.900,Ampolletas LED Santa Fe Hyundai
ALTERNADOR,$108.100,Ampolletas LED Santa Fe Hyundai
NEBLINERO DERECHO,$17.290,Neblineros Santa Fe Hyundai
NEBLINERO IZQUIERDO,$17.290,Neblineros Santa Fe Hyundai
NEBLINERO DERECHO,,Neblineros Santa Fe Hyundai
BOMBA AGUA,$27.600,Bomba de agua Santa Fe Hyundai
BOMBA AGUA,$31.900,Bomba de agua Santa Fe Hyundai
BOMBA AGUA,$32.500,Bomba de agua Santa Fe Hyundai
BOMBA AGUA,$49.900,Bomba de agua Santa Fe Hyundai
BOMBA AGUA,$31.990,Bomba de agua Santa Fe Hyundai
BOMBA AGUA,,Bomba de agua Santa Fe Hyundai
JUEGO CHAPA CONTACTO Y PUERTA,,Chapa de puerta Santa Fe Hyundai
ABRAZADERA CHAPA CONTACTO,$3.860,Focos LED Sorento Kia
ACEITE,$7.300,Focos LED Sorento Kia
ACEITE MOTOR 0W20 1 LITRO SINTETICO,$20.800,Focos LED Sorento Kia
ACEITE MOTOR 0W40 1 LITRO SINTETICO,$10.900,Focos LED Sorento Kia
ACEITE MOTOR 5W30 1 LITRO DPF,$9.300,Focos LED Sorento Kia
ACEITE MOTOR 5W30 1 LITRO DPF,$15.010,Focos LED Sorento Kia
ACEITE MOTOR 5W30 1 LITRO SINTETICO,$16.300,Focos LED Sorento Kia
ACEITE MOTOR 5W30 1 LITRO SINTETICO,$18.700,Focos LED Sorento Kia
ACEITE MOTOR 5W30 1 LITRO SINTETICO,$6.500,Focos LED Sorento Kia
ACEITE MOTOR 5W30 5 LITROS DPF SINTETICO,$58.800,Focos LED Sorento Kia
ACEITE MOTOR 5W30 5LITROS DPF,$70.200,Focos LED Sorento Kia
ACOPLE DIRECCION LARGO,$28.800,Focos LED Sorento Kia
ALTERNADOR,$172.990,Focos LED Sorento Kia
ALTERNADOR,$128.090,Focos LED Sorento Kia
AMORTIGUADOR DELANTERO,$9.340,Focos LED Sorento Kia
AMORTIGUADOR DELANTERO,$18.700,Focos LED Sorento Kia
ABRAZADERA CHAPA CONTACTO,$3.860,Ampolletas LED Sorento Kia
ACEITE,$7.300,Ampolletas LED Sorento Kia
ACEITE MOTOR 0W20 1 LITRO SINTETICO,$20.800,Ampolletas LED Sorento Kia
ACEITE MOTOR 0W40 1 LITRO SINTETICO,$10.900,Ampolletas LED Sorento Kia
ACEITE MOTOR 5W30 1 LITRO DPF,$9.300,Ampolletas LED Sorento Kia
ACEITE MOTOR 5W30 1 LITRO DPF,$15.010,Ampolletas LED Sorento Kia
ACEITE MOTOR 5W30 1 LITRO SINTETICO,$16.300,Ampolletas LED Sorento Kia
ACEITE MOTOR 5W30 1 LITRO SINTETICO,$18.700,Ampolletas LED Sorento Kia
ACEITE MOTOR 5W30 1 LITRO SINTETICO,$6.500,Ampolletas LED Sorento Kia
ACEITE MOTOR 5W30 5 LITROS DPF SINTETICO,$58.800,Ampolletas LED Sorento Kia
ACEITE MOTOR 5W30 5LITROS DPF,$70.200,Ampolletas LED Sorento Kia
ACOPLE DIRECCION LARGO,$28.800,Ampolletas LED Sorento Kia
ALTERNADOR,$172.990,Ampolletas LED Sorento Kia
ALTERNADOR,$128.090,Ampolletas LED Sorento Kia
AMORTIGUADOR DELANTERO,$9.340,Ampolletas LED Sorento Kia
AMORTIGUADOR DELANTERO,$18.700,Ampolletas LED Sorento Kia
ABRAZADERA CHAPA CONTACTO,$3.860,Neblineros Sorento Kia
ACEITE,$7.300,Neblineros Sorento Kia
ACEITE MOTOR 0W20 1 LITRO SINTETICO,$20.800,Neblineros Sorento Kia
ACEITE MOTOR 0W40 1 LITRO SINTETICO,$10.900,Neblineros Sorento Kia
ACEITE MOTOR 5W30 1 LITRO DPF,$9.300,Neblineros Sorento Kia
ACEITE MOTOR 5W30 1 LITRO DPF,$15.010,Neblineros Sorento Kia
ACEITE MOTOR 5W30 1 LITRO SINTETICO,$16.300,Neblineros Sorento Kia
ACEITE MOTOR 5W30 1 LITRO SINTETICO,$18.700,Neblineros Sorento Kia
ACEITE MOTOR 5W30 1 LITRO SINTETICO,$6.500,Neblineros Sorento Kia
ACEITE MOTOR 5W30 5 LITROS DPF SINTETICO,$58.800,Neblineros Sorento Kia
ACEITE MOTOR 5W30 5LITROS DPF,$70.200,Neblineros Sorento Kia
ACOPLE DIRECCION LARGO,$28.800,Neblineros Sorento Kia
ALTERNADOR,$172.990,Neblineros Sorento Kia
ALTERNADOR,$128.090,Neblineros Sorento Kia
AMORTIGUADOR DELANTERO,$9.340,Neblineros Sorento Kia
AMORTIGUADOR DELANTERO,$18.700,Neblineros Sorento Kia
BOMBA AGUA,$38.100,Bomba de agua Sorento Kia
ABRAZADERA CHAPA CONTACTO,$3.860,Chapa de puerta Sorento Kia
ACEITE,$7.300,Chapa de puerta Sorento Kia
ACEITE MOTOR 0W20 1 LITRO SINTETICO,$20.800,Chapa de puerta Sorento Kia
ACEITE MOTOR 0W40 1 LITRO SINTETICO,$10.900,Chapa de puerta Sorento Kia
ACEITE MOTOR 5W30 1 LITRO DPF,$9.300,Chapa de puerta Sorento Kia
ACEITE MOTOR 5W30 1 LITRO DPF,$15.010,Chapa de puerta Sorento Kia
ACEITE MOTOR 5W30 1 LITRO SINTETICO,$16.300,Chapa de puerta Sorento Kia
ACEITE MOTOR 5W30 1 LITRO SINTETICO,$18.700,Chapa de puerta Sorento Kia
ACEITE MOTOR 5W30 1 LITRO SINTETICO,$6.500,Chapa de puerta Sorento Kia
ACEITE MOTOR 5W30 5 LITROS DPF SINTETICO,$58.800,Chapa de puerta Sorento Kia
ACEITE MOTOR 5W30 5LITROS DPF,$70.200,Chapa de puerta Sorento Kia
ACOPLE DIRECCION LARGO,$28.800,Chapa de puerta Sorento Kia
ALTERNADOR,$172.990,Chapa de puerta Sorento Kia
ALTERNADOR,$128.090,Chapa de puerta Sorento Kia
AMORTIGUADOR DELANTERO,$9.340,Chapa de puerta Sorento Kia
AMORTIGUADOR DELANTERO,$18.700,Chapa de puerta Sorento Kia
ACEITE MOTOR 20W50 1 LITRO SINTETICO,$5.700,Focos LED Ranger Ford
ACEITE MOTOR 20W50 4 LITROS SINTETICO,$21.500,Focos LED Ranger Ford
AMORTIGUADOR DELANTERO,$90.450,Focos LED Ranger Ford
AMORTIGUADOR DELANTERO,$41.590,Focos LED Ranger Ford
AMORTIGUADOR DELANTERO,$94.050,Focos LED Ranger Ford
AMORTIGUADOR DELANTERO,$82.000,Focos LED Ranger Ford
AMORTIGUADOR DELANTERO,$22.800,Focos LED Ranger Ford
AMORTIGUADOR DELANTERO,$63.100,Focos LED Ranger Ford
AMORTIGUADOR DELANTERO,$32.300,Focos LED Ranger Ford
AMORTIGUADOR DELANTERO,$50.730,Focos LED Ranger Ford
AMORTIGUADOR DELANTERO,$22.900,Focos LED Ranger Ford
AMORTIGUADOR DELANTERO,$15.900,Focos LED Ranger Ford
AMORTIGUADOR DELANTERO DERECHO,$84.630,Focos LED Ranger Ford
AMORTIGUADOR DELANTERO DERECHO,$24.150,Focos LED Ranger Ford
AMORTIGUADOR DELANTERO DERECHO,$94.330,Focos LED Ranger Ford
AMORTIGUADOR DELANTERO IZQUIERDO,$80.750,Focos LED Ranger Ford
ACEITE MOTOR 20W50 1 LITRO SINTETICO,$5.700,Ampolletas LED Ranger Ford
ACEITE MOTOR 20W50 4 LITROS SINTETICO,$21.500,Ampolletas LED Ranger Ford
AMORTIGUADOR DELANTERO,$90.450,Ampolletas LED Ranger Ford
AMORTIGUADOR DELANTERO,$41.590,Ampolletas LED Ranger Ford
AMORTIGUADOR DELANTERO,$94.050,Ampolletas LED Ranger Ford
AMORTIGUADOR DELANTERO,$82.000,Ampolletas LED Ranger Ford
AMORTIGUADOR DELANTERO,$22.800,Ampolletas LED Ranger Ford
AMORTIGUADOR DELANTERO,$63.100,Ampolletas LED Ranger Ford
AMORTIGUADOR DELANTERO,$32.300,Ampolletas LED Ranger Ford
AMORTIGUADOR DELANTERO,$50.730,Ampolletas LED Ranger Ford
AMORTIGUADOR DELANTERO,$22.900,Ampolletas LED Ranger Ford
AMORTIGUADOR DELANTERO,$15.900,Ampolletas LED Ranger Ford
AMORTIGUADOR DELANTERO DERECHO,$84.630,Ampolletas LED Ranger Ford
AMORTIGUADOR DELANTERO DERECHO,$24.150,Ampolletas LED Ranger Ford
AMORTIGUADOR DELANTERO DERECHO,$94.330,Ampolletas LED Ranger Ford
AMORTIGUADOR DELANTERO IZQUIERDO,$80.750,Ampolletas LED Ranger Ford
ACEITE MOTOR 20W50 1 LITRO SINTETICO,$5.700,Neblineros Ranger Ford
ACEITE MOTOR 20W50 4 LITROS SINTETICO,$21.500,Neblineros Ranger Ford
AMORTIGUADOR DELANTERO,$90.450,Neblineros Ranger Ford
AMORTIGUADOR DELANTERO,$41.590,Neblineros Ranger Ford
AMORTIGUADOR DELANTERO,$94.050,Neblineros Ranger Ford
AMORTIGUADOR DELANTERO,$32.300,Neblineros Ranger Ford
AMORTIGUADOR DELANTERO,$50.730,Neblineros Ranger Ford
AMORTIGUADOR DELANTERO DERECHO,$84.630,Neblineros Ranger Ford
AMORTIGUADOR DELANTERO DERECHO,$94.330,Neblineros Ranger Ford
AMORTIGUADOR DELANTERO IZQUIERDO,$84.630,Neblineros Ranger Ford
AMORTIGUADOR DELANTERO IZQUIERDO,$94.330,Neblineros Ranger Ford
AMORTIGUADOR TRASERO,$83.870,Neblineros Ranger Ford
AMORTIGUADOR TRASERO,$35.320,Neblineros Ranger Ford
AMORTIGUADOR TRASERO,$55.590,Neblineros Ranger Ford
AMORTIGUADOR TRASERO,$47.800,Neblineros Ranger Ford
AMORTIGUADOR TRASERO,$19.990,Neblineros Ranger Ford
ACEITE MOTOR 20W50 1 LITRO SINTETICO,$5.700,Bomba de agua Ranger Ford
ACEITE MOTOR 20W50 4 LITROS SINTETICO,$21.500,Bomba de agua Ranger Ford
AGUA DESMINERALIZADA 5 LITROS,$1.800,Bomba de agua Ranger Ford
AGUA LIMPIAPARABRISAS 5 LITROS,$2.800,Bomba de agua Ranger Ford
AGUJA CARBURADOR,$2.330,Bomba de agua Ranger Ford
AGUJA CARBURADOR,$2.540,Bomba de agua Ranger Ford
AGUJA Y ASIENTO,$2.280,Bomba de agua Ranger Ford
AMORTIGUADOR DELANTERO,$90.450,Bomba de agua Ranger Ford
AMORTIGUADOR DELANTERO,$41.590,Bomba de agua Ranger Ford
AMORTIGUADOR DELANTERO,$94.050,Bomba de agua Ranger Ford
AMORTIGUADOR DELANTERO,$32.300,Bomba de agua Ranger Ford
AMORTIGUADOR DELANTERO,$50.730,Bomba de agua Ranger Ford
AMORTIGUADOR DELANTERO DERECHO,$84.630,Bomba de agua Ranger Ford
AMORTIGUADOR DELANTERO DERECHO,$94.330,Bomba de agua Ranger Ford
AMORTIGUADOR DELANTERO IZQUIERDO,$84.630,Bomba de agua Ranger Ford
AMORTIGUADOR DELANTERO IZQUIERDO,$94.330,Bomba de agua Ranger Ford
ABRAZADERA CHAPA CONTACTO,$3.860,Chapa de puerta Ranger Ford
ACEITE MOTOR 20W50 1 LITRO SINTETICO,$5.700,Chapa de puerta Ranger Ford
ACEITE MOTOR 20W50 4 LITROS SINTETICO,$21.500,Chapa de puerta Ranger Ford
AMORTIGUADOR DELANTERO,$90.450,Chapa de puerta Ranger Ford
AMORTIGUADOR DELANTERO,$41.590,Chapa de puerta Ranger Ford
AMORTIGUADOR DELANTERO,$94.050,Chapa de puerta Ranger Ford
AMORTIGUADOR DELANTERO,$32.300,Chapa de puerta Ranger Ford
AMORTIGUADOR DELANTERO,$50.730,Chapa de puerta Ranger Ford
AMORTIGUADOR DELANTERO DERECHO,$84.630,Chapa de puerta Ranger Ford
AMORTIGUADOR DELANTERO DERECHO,$94.330,Chapa de puerta Ranger Ford
AMORTIGUADOR DELANTERO IZQUIERDO,$84.630,Chapa de puerta Ranger Ford
AMORTIGUADOR DELANTERO IZQUIERDO,$94.330,Chapa de puerta Ranger Ford
AMORTIGUADOR TRASERO,$83.870,Chapa de puerta Ranger Ford
AMORTIGUADOR TRASERO,$35.320,Chapa de puerta Ranger Ford
AMORTIGUADOR TRASERO,$16.900,Chapa de puerta Ranger Ford
AMORTIGUADOR TRASERO,$19.500,Chapa de puerta Ranger Ford
AMORTIGUADOR DELANTERO,$82.000,Focos LED BT-50 Mazda
AMORTIGUADOR DELANTERO,$22.800,Focos LED BT-50 Mazda
AMORTIGUADOR DELANTERO,$63.100,Focos LED BT-50 Mazda
AMORTIGUADOR DELANTERO,$22.900,Focos LED BT-50 Mazda
AMORTIGUADOR DELANTERO,$15.900,Focos LED BT-50 Mazda
AMORTIGUADOR DELANTERO DERECHO,$24.150,Focos LED BT-50 Mazda
AMORTIGUADOR DELANTERO IZQUIERDO,$80.750,Focos LED BT-50 Mazda
AMORTIGUADOR TRASERO,$33.911,Focos LED BT-50 Mazda
AMORTIGUADOR TRASERO,$28.300,Focos LED BT-50 Mazda
AMORTIGUADOR TRASERO,$16.900,Focos LED BT-50 Mazda
AMORTIGUADOR TRASERO,$13.700,Focos LED BT-50 Mazda
AMORTIGUADOR TRASERO,$31.920,Focos LED BT-50 Mazda
AMORTIGUADOR TRASERO,$13.900,Focos LED BT-50 Mazda
AMORTIGUADOR TRASERO,$13.500,Focos LED BT-50 Mazda
AMPOLLETA 12V 21/5W LED PATA DISPAREJA,$4.370,Focos LED BT-50 Mazda
BANDEJA DERECHA,$80.900,Focos LED BT-50 Mazda
AMORTIGUADOR DELANTERO,$82.000,Ampolletas LED BT-50 Mazda
AMORTIGUADOR DELANTERO,$22.800,Ampolletas LED BT-50 Mazda
AMORTIGUADOR DELANTERO,$63.100,Ampolletas LED BT-50 Mazda
AMORTIGUADOR DELANTERO,$22.900,Ampolletas LED BT-50 Mazda
AMORTIGUADOR DELANTERO,$15.900,Ampolletas LED BT-50 Mazda
AMORTIGUADOR DELANTERO DERECHO,$24.150,Ampolletas LED BT-50 Mazda
AMORTIGUADOR DELANTERO IZQUIERDO,$80.750,Ampolletas LED BT-50 Mazda
AMORTIGUADOR TRASERO,$33.911,Ampolletas LED BT-50 Mazda
AMORTIGUADOR TRASERO,$28.300,Ampolletas LED BT-50 Mazda
AMORTIGUADOR TRASERO,$16.900,Ampolletas LED BT-50 Mazda
AMORTIGUADOR TRASERO,$13.700,Ampolletas LED BT-50 Mazda
AMORTIGUADOR TRASERO,$31.920,Ampolletas LED BT-50 Mazda
AMORTIGUADOR TRASERO,$13.900,Ampolletas LED BT-50 Mazda
AMORTIGUADOR TRASERO,$13.500,Ampolletas LED BT-50 Mazda
AMPOLLETA 12V 21/5W LED PATA DISPAREJA,$4.370,Ampolletas LED BT-50 Mazda
AMPOLLETA 12V 5W COLA DE PESCADO,$770,Ampolletas LED BT-50 Mazda
AMPOLLETA HALOG 881 12V 27W NEBLINERO,$2.900,Neblineros BT-50 Mazda
BISEL BAJO NEBLINERO IZQUIERDA,$1.900,Neblineros BT-50 Mazda
BISEL NEBLINERO CON MOLDURA IZQUIERDO,$14.060,Neblineros BT-50 Mazda
BISEL NEBLINERO IZQUIERDO,$6.900,Neblineros BT-50 Mazda
BISEL NEBLINERO IZQUIERDO,$4.180,Neblineros BT-50 Mazda
BISEL NEBLINERO NEGRO DERECHO,$3.900,Neblineros BT-50 Mazda
BISEL NEBLINERO NEGRO IZQUIERDO,$3.900,Neblineros BT-50 Mazda
BISEL NEBLINERO SIN MOLDURA DERECHO,$3.515,Neblineros BT-50 Mazda
CHAVETA MAZA,$310,Neblineros BT-50 Mazda
GOLILLA MAZA DELANTERO,$17.900,Neblineros BT-50 Mazda
KIT LAINAS MAZA,$11.500,Neblineros BT-50 Mazda
KIT NEBLINEROS,$33.900,Neblineros BT-50 Mazda
KIT NEBLINEROS,$41.900,Neblineros BT-50 Mazda
KIT NEBLINEROS,$82.900,Neblineros BT-50 Mazda
KIT NEBLINEROS,$39.000,Neblineros BT-50 Mazda
KIT NEBLINEROS,$48.900,Neblineros BT-50 Mazda
AGUA DESMINERALIZADA 5 LITROS,$1.800,Bomba de agua BT-50 Mazda
AGUA LIMPIAPARABRISAS 5 LITROS,$2.800,Bomba de agua BT-50 Mazda
AGUJA CARBURADOR,$2.330,Bomba de agua BT-50 Mazda
AGUJA CARBURADOR,$2.540,Bomba de agua BT-50 Mazda
AGUJA Y ASIENTO,$2.280,Bomba de agua BT-50 Mazda
ASPA VENTILADOR,$29.940,Bomba de agua BT-50 Mazda
ASPA VENTILADOR,$14.400,Bomba de agua BT-50 Mazda
ASPA VENTILADOR,$21.320,Bomba de agua BT-50 Mazda
ASPA VENTILADOR,$28.900,Bomba de agua BT-50 Mazda
ASPA VENTILADOR,$57.300,Bomba de agua BT-50 Mazda
ASPA VENTILADOR,$19.990,Bomba de agua BT-50 Mazda
ASPA VENTILADOR,$15.200,Bomba de agua BT-50 Mazda
BOMBA,$37.000,Bomba de agua BT-50 Mazda
BOMBA ACEITE,$42.060,Bomba de agua BT-50 Mazda
BOMBA ACEITE,$41.300,Bomba de agua BT-50 Mazda
BOMBA ACEITE,$192.260,Bomba de agua BT-50 Mazda
ABRAZADERA CHAPA CONTACTO,$3.860,Chapa de puerta BT-50 Mazda
AMORTIGUADOR TRASERO,$16.900,Chapa de puerta BT-50 Mazda
AMORTIGUADOR TRASERO,$19.500,Chapa de puerta BT-50 Mazda
AMORTIGUADOR TRASERO,$13.900,Chapa de puerta BT-50 Mazda
ANILLO SEGURO REDONDO PESTILLO PUERTA,$180,Chapa de puerta BT-50 Mazda
ANILLO SINCRONIZADOR TERCERA CUARTA QUINTA,$8.200,Chapa de puerta BT-50 Mazda
ANILLO SINCRONIZADOR TERCERA CUARTA QUINTA SEXTA,$30.100,Chapa de puerta BT-50 Mazda
ASIENTO RESORTE TRASERO,$7.140,Chapa de puerta BT-50 Mazda
BASE MANILLA CAFÉ DERECHA,$490,Chapa de puerta BT-50 Mazda
BASE MANILLA PUERTA EXTERIOR,$36.910,Chapa de puerta BT-50 Mazda
BISAGRA PUERTA DELANTERA,$30.900,Chapa de puerta BT-50 Mazda
BISAGRA PUERTA INFERIOR TRASERA DERECHA,$15.670,Chapa de puerta BT-50 Mazda
BISAGRA PUERTA INFERIOR TRASERA IZQUIERDA,$12.500,Chapa de puerta BT-50 Mazda
BISAGRA PUERTA SUPERIOR DELANTERA DERECHA,$44.800,Chapa de puerta BT-50 Mazda
BISEL CILINDRO PUERTA DELANTERA IZQUIERDA,$16.010,Chapa de puerta BT-50 Mazda
BOMBA ACEITE,$197.280,Chapa de puerta BT-50 Mazda
ACEITE MOTOR 15W40 1 LITRO DPF SINTETICO,$7.600,Focos LED Actyon Ssangyong
ACEITE MOTOR 15W40 6 LITROS DPF SINTETICO,$41.990,Focos LED Actyon Ssangyong
ALETA GUARDAFANGO TRASERA IZQUIERDA,$10.590,Focos LED Actyon Ssangyong
ALTERNADOR,$132.900,Focos LED Actyon Ssangyong
AMORTIGUADOR,$19.000,Focos LED Actyon Ssangyong
AMORTIGUADOR DELANTERO,$133.500,Focos LED Actyon Ssangyong
AMORTIGUADOR DELANTERO,$82.000,Focos LED Actyon Ssangyong
AMORTIGUADOR DELANTERO,$24.900,Focos LED Actyon Ssangyong
AMORTIGUADOR DELANTERO,$64.590,Focos LED Actyon Ssangyong
AMORTIGUADOR DELANTERO,$22.800,Focos LED Actyon Ssangyong
AMORTIGUADOR DELANTERO,$63.100,Focos LED Actyon Ssangyong
AMORTIGUADOR DELANTERO,$30.890,Focos LED Actyon Ssangyong
AMORTIGUADOR DELANTERO,$22.900,Focos LED Actyon Ssangyong
AMORTIGUADOR DELANTERO,$129.900,Focos LED Actyon Ssangyong
AMORTIGUADOR DELANTERO,$15.900,Focos LED Actyon Ssangyong
AMORTIGUADOR DELANTERO CON ESPIRAL IZQUIERDO,$158.300,Focos LED Actyon Ssangyong
ACEITE MOTOR 15W40 1 LITRO DPF SINTETICO,$7.600,Ampolletas LED Actyon Ssangyong
ACEITE MOTOR 15W40 6 LITROS DPF SINTETICO,$41.990,Ampolletas LED Actyon Ssangyong
ALETA GUARDAFANGO TRASERA IZQUIERDA,$10.590,Ampolletas LED Actyon Ssangyong
ALTERNADOR,$132.900,Ampolletas LED Actyon Ssangyong
AMORTIGUADOR,$19.000,Ampolletas LED Actyon Ssangyong
AMORTIGUADOR DELANTERO,$133.500,Ampolletas LED Actyon Ssangyong
AMORTIGUADOR DELANTERO,$24.900,Ampolletas LED Actyon Ssangyong
AMORTIGUADOR DELANTERO,$64.590,Ampolletas LED Actyon Ssangyong
AMORTIGUADOR DELANTERO,$30.890,Ampolletas LED Actyon Ssangyong
AMORTIGUADOR DELANTERO,$129.900,Ampolletas LED Actyon Ssangyong
AMORTIGUADOR DELANTERO CON ESPIRAL IZQUIERDO,$158.300,Ampolletas LED Actyon Ssangyong
AMORTIGUADOR DELANTERO IZQUIERDO,$114.330,Ampolletas LED Actyon Ssangyong
AMORTIGUADOR TRASERO,$53.590,Ampolletas LED Actyon Ssangyong
AMORTIGUADOR TRASERO,$94.980,Ampolletas LED Actyon Ssangyong
AMORTIGUADOR TRASERO,$68.900,Ampolletas LED Actyon Ssangyong
AMPOLLETA 12V 21/5W LED PATA DISPAREJA,$4.370,Ampolletas LED Actyon Ssangyong
NEBLINERO DERECHO,$74.900,Neblineros Actyon Ssangyong
NEBLINERO IZQUIERDO,$70.900,Neblineros Actyon Ssangyong
NEBLINERO IZQUIERDO,$74.900,Neblineros Actyon Ssangyong
NEBLINERO DERECHO,,Neblineros Actyon Ssangyong
NEBLINERO DERECHO,$74.900,Bomba de agua Actyon Ssangyong
NEBLINERO IZQUIERDO,$70.900,Bomba de agua Actyon Ssangyong
NEBLINERO IZQUIERDO,$74.900,Bomba de agua Actyon Ssangyong
NEBLINERO DERECHO,,Bomba de agua Actyon Ssangyong
CHAPA PUERTA DELANTERA IZQUIERDA,,Chapa de puerta Actyon Ssangyong
ACEITE MOTOR 10W40 1 LITRO SINTETICO,$7.150,Focos LED D-Max Chevrolet
ACEITE MOTOR 10W40 4 LITROS SINTETICO,$22.900,Focos LED D-Max Chevrolet
ACEITE MOTOR 10W40 4 LITROS SINTETICO,$22.800,Focos LED D-Max Chevrolet
ACEITE MOTOR 15W40 1 LITRO,$3.720,Focos LED D-Max Chevrolet
ACEITE MOTOR 15W40 1 LITRO DPF SINTETICO,$7.600,Focos LED D-Max Chevrolet
ACEITE MOTOR 15W40 1 LITRO SINTETICO,$6.650,Focos LED D-Max Chevrolet
ACEITE MOTOR 15W40 4 LITROS SINTETICO,$21.400,Focos LED D-Max Chevrolet
ACEITE MOTOR 15W40 6 LITROS DPF SINTETICO,$41.990,Focos LED D-Max Chevrolet
ACEITE MOTOR 15W40 6 LITROS SINTETICO,$31.920,Focos LED D-Max Chevrolet
ACEITE MOTOR 20W50 1 LITRO,$2.900,Focos LED D-Max Chevrolet
ACEITE MOTOR 20W50 1 LITRO SINTETICO,$5.700,Focos LED D-Max Chevrolet
ACEITE MOTOR 20W50 4 LITROS SINTETICO,$21.500,Focos LED D-Max Chevrolet
AJUSTADOR CADENA,$22.140,Focos LED D-Max Chevrolet
ALTERNADOR,$138.990,Focos LED D-Max Chevrolet
ALTERNADOR,$84.390,Focos LED D-Max Chevrolet
ALTERNADOR,$119.700,Focos LED D-Max Chevrolet
FAROL TRASERO AMPOLLETA LED IZQUIERDO,$51.897,Ampolletas LED D-Max Chevrolet
FAROL TRASERO AMPOLLETA LED DERECHO,,Ampolletas LED D-Max Chevrolet
KIT NEBLINEROS REDONDO,$39.000,Neblineros D-Max Chevrolet
KIT NEBLINEROS,,Neblineros D-Max Chevrolet
BOMBA AGUA,$39.900,Bomba de agua D-Max Chevrolet
BOMBA AGUA,$45.600,Bomba de agua D-Max Chevrolet
BOMBA AGUA,$11.900,Bomba de agua D-Max Chevrolet
BOMBA AGUA,$41.900,Bomba de agua D-Max Chevrolet
EMBRAGUE BOMBA AGUA,$62.500,Bomba de agua D-Max Chevrolet
EMBRAGUE BOMBA AGUA,$75.990,Bomba de agua D-Max Chevrolet
EMBRAGUE BOMBA AGUA,$69.900,Bomba de agua D-Max Chevrolet
EMBRAGUE BOMBA AGUA,$55.900,Bomba de agua D-Max Chevrolet
BOMBA AGUA,,Bomba de agua D-Max Chevrolet
